,group,batch_group_number,only_female_owns_enterprises,number_enterprises_hh_C,child_under_6,treatment,shock_any,miss_shock_any,Age_C,Married_C,Muslim_C,HH_Size_C,Years_Education_C,Financial_Control_C,homeowner_C,miss_Age_C,miss_Married_C,miss_Muslim_C,miss_HH_Size_C,miss_Years_Education_C,miss_Financial_Control_C,miss_homeowner_C,No_Drain_C,miss_No_Drain_C,all_hh_enterprise_profits,female_entreprise_profits,miss_number_enterprises_hh_C,sec_loanamount1,sec_loanamount2,sec_loanamount3,sec_loanamount4,sec_loanamount5,sec_loanamount6,miss_sec_loanamount1,miss_sec_loanamount2,miss_sec_loanamount3,miss_sec_loanamount4,miss_sec_loanamount5,miss_sec_loanamount6
0,Shampa,1.0,1.0,1.0,1.0,1.0,1.0,0.0,31.0,1.0,0.0,3.0,8.0,1.0,1.0,0.0,0.0,0.0,0.0,0.0,0.0,0.0,0.0,0.0,40.0,0.0,0.0,0,0,0,1,0,0,0.0,0.0,0.0,0.0,0.0,0.0
1,Shampa,1.0,0.0,2.0,0.0,1.0,0.0,0.0,28.0,0.0,0.0,6.0,9.0,0.0,1.0,0.0,0.0,0.0,0.0,0.0,0.0,0.0,0.0,0.0,0.0,0.0,0.0,0,0,0,1,0,0,0.0,0.0,0.0,0.0,0.0,0.0
2,Shampa,1.0,0.0,2.0,0.0,1.0,1.0,0.0,36.0,1.0,0.0,5.0,5.0,1.0,1.0,0.0,0.0,0.0,0.0,0.0,0.0,0.0,0.0,0.0,0.0,0.0,0.0,0,0,0,1,0,0,0.0,0.0,0.0,0.0,0.0,0.0
3,Pampa,1.0,1.0,1.0,0.0,0.0,0.0,0.0,22.0,1.0,0.0,2.0,8.0,1.0,0.0,0.0,0.0,0.0,0.0,0.0,0.0,0.0,0.0,0.0,600.0,600.0,0.0,0,0,0,1,0,0,0.0,0.0,0.0,0.0,0.0,0.0
4,Pampa,1.0,0.0,3.0,0.0,0.0,0.0,0.0,37.0,1.0,0.0,3.0,5.0,1.0,0.0,0.0,0.0,0.0,0.0,0.0,0.0,0.0,0.0,0.0,1625.0,500.0,0.0,0,0,0,1,0,0,0.0,0.0,0.0,0.0,0.0,0.0
5,Pampa,1.0,1.0,2.0,0.0,0.0,0.0,0.0,29.0,1.0,0.0,4.0,5.0,0.0,0.0,0.0,0.0,0.0,0.0,0.0,0.0,0.0,0.0,0.0,750.0,750.0,0.0,0,0,0,1,0,0,0.0,0.0,0.0,0.0,0.0,0.0
6,Pampa,1.0,1.0,2.0,0.0,0.0,0.0,0.0,33.0,1.0,0.0,3.0,12.0,1.0,1.0,0.0,0.0,0.0,0.0,0.0,0.0,0.0,0.0,0.0,1400.0,900.0,0.0,0,0,0,1,0,0,0.0,0.0,0.0,0.0,0.0,0.0
7,Jayanti,1.0,0.0,2.0,0.0,1.0,0.0,0.0,29.0,1.0,0.0,6.0,5.0,1.0,1.0,0.0,0.0,0.0,0.0,0.0,0.0,0.0,0.0,0.0,3280.0,280.0,0.0,0,0,0,1,0,0,0.0,0.0,0.0,0.0,0.0,0.0
8,Tumpa,1.0,0.0,2.0,0.0,1.0,0.0,0.0,26.0,1.0,0.0,5.0,7.0,1.0,1.0,0.0,0.0,0.0,0.0,0.0,0.0,0.0,0.0,0.0,3200.0,0.0,0.0,0,0,0,1,0,0,0.0,0.0,0.0,0.0,0.0,0.0
9,Jayanti,1.0,1.0,1.0,0.0,1.0,0.0,0.0,31.0,1.0,0.0,3.0,0.0,1.0,0.0,0.0,0.0,0.0,0.0,0.0,0.0,0.0,0.0,0.0,1150.0,750.0,0.0,0,0,0,1,0,0,0.0,0.0,0.0,0.0,0.0,0.0
10,Jayanti,1.0,0.0,3.0,0.0,1.0,0.0,0.0,39.0,1.0,0.0,4.0,2.0,1.0,0.0,0.0,0.0,0.0,0.0,0.0,0.0,0.0,0.0,0.0,1000.0,0.0,0.0,0,0,0,1,0,0,0.0,0.0,0.0,0.0,0.0,0.0
11,Jayanti,1.0,0.0,2.0,0.0,1.0,0.0,0.0,37.0,1.0,0.0,6.0,1.0,1.0,0.0,0.0,0.0,0.0,0.0,0.0,0.0,0.0,0.0,0.0,100.0,100.0,0.0,0,0,0,1,0,0,0.0,0.0,0.0,0.0,0.0,0.0
12,Namita,2.0,0.0,3.0,0.0,0.0,0.0,0.0,35.0,1.0,0.0,2.0,0.0,1.0,1.0,0.0,0.0,0.0,0.0,0.0,0.0,0.0,0.0,0.0,1405.0,625.0,0.0,0,0,0,1,0,0,0.0,0.0,0.0,0.0,0.0,0.0
13,509/4,5.0,1.0,1.0,0.0,0.0,1.0,0.0,40.0,1.0,0.0,5.0,9.0,1.0,0.0,0.0,0.0,0.0,0.0,0.0,0.0,0.0,0.0,0.0,250.0,0.0,0.0,0,0,0,1,0,0,0.0,0.0,0.0,0.0,0.0,0.0
14,509/4,5.0,0.0,2.0,0.0,0.0,1.0,0.0,37.0,1.0,0.0,7.0,9.0,0.0,1.0,0.0,0.0,0.0,0.0,0.0,0.0,0.0,1.0,0.0,8653.846,0.0,0.0,0,0,0,1,0,0,0.0,0.0,0.0,0.0,0.0,0.0
15,509/3,5.0,1.0,2.0,0.0,0.0,1.0,0.0,42.0,1.0,0.0,2.0,10.0,1.0,1.0,0.0,0.0,0.0,0.0,0.0,0.0,0.0,0.0,0.0,0.0,0.0,0.0,0,0,0,1,0,0,0.0,0.0,0.0,0.0,0.0,0.0
16,509/3,5.0,1.0,1.0,0.0,0.0,1.0,0.0,35.0,1.0,0.0,4.0,3.0,1.0,1.0,0.0,0.0,0.0,0.0,0.0,0.0,0.0,0.0,0.0,125.0,125.0,0.0,0,0,1,0,0,0,0.0,0.0,0.0,0.0,0.0,0.0
17,509/3,5.0,0.0,3.0,0.0,0.0,1.0,0.0,23.0,0.0,0.0,4.0,8.0,1.0,1.0,0.0,0.0,0.0,0.0,0.0,0.0,0.0,0.0,0.0,400.0,0.0,0.0,0,0,0,1,0,0,0.0,0.0,0.0,0.0,0.0,0.0
18,499,1.0,0.0,2.0,1.0,1.0,1.0,0.0,19.0,1.0,0.0,3.0,0.0,1.0,1.0,0.0,0.0,0.0,0.0,0.0,0.0,0.0,0.0,0.0,1000.0,0.0,0.0,0,0,0,1,0,0,0.0,0.0,0.0,0.0,0.0,0.0
19,499,1.0,0.0,3.0,0.0,1.0,1.0,0.0,39.0,1.0,0.0,6.0,3.0,1.0,1.0,0.0,0.0,0.0,0.0,0.0,0.0,0.0,0.0,0.0,1612.3076,750.0,0.0,0,0,0,1,0,0,0.0,0.0,0.0,0.0,0.0,0.0
20,198/6,5.0,0.0,2.0,0.0,1.0,1.0,0.0,31.0,1.0,0.0,3.0,10.0,1.0,1.0,0.0,0.0,0.0,0.0,0.0,0.0,0.0,0.0,0.0,1300.0,300.0,0.0,0,0,0,1,0,0,0.0,0.0,0.0,0.0,0.0,0.0
21,498,1.0,0.0,2.0,0.0,1.0,1.0,0.0,34.0,1.0,0.0,6.0,2.0,1.0,1.0,0.0,0.0,0.0,0.0,0.0,0.0,0.0,0.0,0.0,1500.0,0.0,0.0,0,0,0,1,0,0,0.0,0.0,0.0,0.0,0.0,0.0
22,498,1.0,1.0,2.0,1.0,1.0,1.0,0.0,46.0,1.0,0.0,3.0,0.0,1.0,1.0,0.0,0.0,0.0,0.0,0.0,0.0,0.0,0.0,0.0,400.0,400.0,0.0,0,0,0,1,0,0,0.0,0.0,0.0,0.0,0.0,0.0
23,498,1.0,1.0,1.0,0.0,1.0,1.0,0.0,36.0,1.0,0.0,3.0,1.0,1.0,1.0,0.0,0.0,0.0,0.0,0.0,0.0,0.0,0.0,0.0,2550.0,2000.0,0.0,0,0,0,1,0,0,0.0,0.0,0.0,0.0,0.0,0.0
24,498/2,2.0,0.0,2.0,1.0,1.0,1.0,0.0,29.0,1.0,0.0,4.0,8.0,1.0,1.0,0.0,0.0,0.0,0.0,0.0,0.0,0.0,0.0,0.0,1134.2307,140.0,0.0,0,0,0,1,0,0,0.0,0.0,0.0,0.0,0.0,0.0
25,498/2,2.0,1.0,1.0,1.0,1.0,1.0,0.0,34.0,1.0,0.0,4.0,7.0,1.0,1.0,0.0,0.0,0.0,0.0,0.0,0.0,0.0,1.0,0.0,644.0,644.0,0.0,0,0,0,1,0,0,0.0,0.0,0.0,0.0,0.0,0.0
26,198/2,4.0,0.0,2.0,1.0,0.0,1.0,0.0,43.0,1.0,0.0,4.0,9.0,1.0,1.0,0.0,0.0,0.0,0.0,0.0,0.0,0.0,0.0,0.0,70.0,70.0,0.0,0,0,1,0,0,0,0.0,0.0,0.0,0.0,0.0,0.0
27,498/2,2.0,0.0,2.0,1.0,1.0,1.0,0.0,21.0,1.0,0.0,4.0,8.0,1.0,0.0,0.0,0.0,0.0,0.0,0.0,0.0,0.0,0.0,0.0,2190.0,190.0,0.0,0,0,1,0,0,0,0.0,0.0,0.0,0.0,0.0,0.0
28,198/6,5.0,0.0,3.0,0.0,1.0,0.0,0.0,40.0,0.0,0.0,4.0,12.0,1.0,1.0,0.0,0.0,0.0,0.0,0.0,0.0,0.0,1.0,0.0,1350.0,300.0,0.0,0,0,0,1,0,0,0.0,0.0,0.0,0.0,0.0,0.0
29,499/2,2.0,1.0,1.0,1.0,0.0,1.0,0.0,31.0,0.0,0.0,3.0,10.0,1.0,1.0,0.0,0.0,0.0,0.0,0.0,0.0,0.0,0.0,0.0,125.0,125.0,0.0,0,0,0,1,0,0,0.0,0.0,0.0,0.0,0.0,0.0
30,499/2,2.0,0.0,2.0,0.0,0.0,1.0,0.0,38.0,1.0,0.0,7.0,8.0,1.0,1.0,0.0,0.0,0.0,0.0,0.0,0.0,0.0,1.0,0.0,1825.0,0.0,0.0,0,0,0,1,0,0,0.0,0.0,0.0,0.0,0.0,0.0
31,499/3,2.0,0.0,3.0,0.0,0.0,1.0,0.0,36.0,1.0,0.0,4.0,0.0,1.0,1.0,0.0,0.0,0.0,0.0,0.0,0.0,0.0,0.0,0.0,300.0,300.0,0.0,0,0,0,1,0,0,0.0,0.0,0.0,0.0,0.0,0.0
32,490,1.0,0.0,2.0,0.0,0.0,1.0,0.0,45.0,0.0,0.0,2.0,6.0,1.0,0.0,0.0,0.0,0.0,0.0,0.0,0.0,0.0,1.0,0.0,475.0,350.0,0.0,0,0,0,1,0,0,0.0,0.0,0.0,0.0,0.0,0.0
33,490/2,2.0,0.0,2.0,1.0,0.0,0.0,0.0,45.0,1.0,0.0,8.0,9.0,1.0,1.0,0.0,0.0,0.0,0.0,0.0,0.0,0.0,1.0,0.0,6000.0,0.0,0.0,0,0,1,0,0,0,0.0,0.0,0.0,0.0,0.0,0.0
34,491/2,2.0,1.0,1.0,0.0,0.0,0.0,0.0,19.0,0.0,0.0,2.0,10.0,1.0,1.0,0.0,0.0,0.0,0.0,0.0,0.0,0.0,1.0,0.0,1050.0,0.0,0.0,0,0,1,0,0,0,0.0,0.0,0.0,0.0,0.0,0.0
35,490/2,2.0,0.0,3.0,0.0,0.0,0.0,0.0,45.0,1.0,0.0,7.0,0.0,1.0,1.0,0.0,0.0,0.0,0.0,0.0,0.0,0.0,1.0,0.0,930.7692,0.0,0.0,0,0,0,1,0,0,0.0,0.0,0.0,0.0,0.0,0.0
36,490/2,2.0,0.0,2.0,0.0,0.0,0.0,0.0,32.0,1.0,0.0,4.0,4.0,1.0,1.0,0.0,0.0,0.0,0.0,0.0,0.0,0.0,1.0,0.0,1000.0,250.0,0.0,0,0,1,0,0,0,0.0,0.0,0.0,0.0,0.0,0.0
37,491/2,2.0,0.0,3.0,0.0,0.0,0.0,0.0,30.0,1.0,0.0,4.0,7.0,1.0,1.0,0.0,0.0,0.0,0.0,0.0,0.0,0.0,1.0,0.0,3300.0,500.0,0.0,0,0,0,1,0,0,0.0,0.0,0.0,0.0,0.0,0.0
38,491/2,2.0,0.0,2.0,0.0,0.0,0.0,0.0,32.0,1.0,0.0,5.0,10.0,1.0,1.0,0.0,0.0,0.0,0.0,0.0,0.0,0.0,0.0,0.0,2450.0,0.0,0.0,0,0,0,1,0,0,0.0,0.0,0.0,0.0,0.0,0.0
39,520,4.0,0.0,2.0,1.0,1.0,0.76585364,1.0,27.0,1.0,0.0,7.0,6.0,1.0,1.0,0.0,0.0,0.0,0.0,0.0,0.0,0.0,0.0,1.0,1720.0,600.0,0.0,0,0,0,1,0,0,0.0,0.0,0.0,0.0,0.0,0.0
40,520/2,4.0,1.0,1.0,1.0,1.0,0.0,0.0,19.0,1.0,0.0,3.0,10.0,1.0,1.0,0.0,0.0,0.0,0.0,0.0,0.0,0.0,0.0,0.0,0.0,0.0,0.0,0,0,0,1,0,0,0.0,0.0,0.0,0.0,0.0,0.0
41,520/2,4.0,0.0,2.0,1.0,1.0,0.0,0.0,29.0,1.0,0.0,4.0,10.0,1.0,0.0,0.0,0.0,0.0,0.0,0.0,0.0,0.0,0.0,0.0,3500.0,0.0,0.0,0,0,0,1,0,0,0.0,0.0,0.0,0.0,0.0,0.0
42,520,4.0,0.0,3.0,0.0,1.0,0.76585364,1.0,30.0,1.0,0.0,4.0,5.0,1.0,1.0,0.0,0.0,0.0,0.0,0.0,0.0,0.0,0.0,1.0,9700.0,700.0,0.0,0,0,0,1,0,0,0.0,0.0,0.0,0.0,0.0,0.0
43,495,1.0,1.0,1.0,0.0,1.0,1.0,0.0,36.0,1.0,0.0,4.0,0.0,1.0,1.0,0.0,0.0,0.0,0.0,0.0,0.0,0.0,0.0,0.0,450.0,450.0,0.0,0,0,0,1,0,0,0.0,0.0,0.0,0.0,0.0,0.0
44,495,1.0,0.0,3.0,0.0,1.0,1.0,0.0,26.0,1.0,0.0,4.0,0.0,1.0,0.0,0.0,0.0,0.0,0.0,0.0,0.0,0.0,0.0,0.0,525.0,525.0,0.0,0,0,0,1,0,0,0.0,0.0,0.0,0.0,0.0,0.0
45,495,1.0,1.0,2.0,0.0,1.0,1.0,0.0,43.0,0.0,0.0,2.0,2.0,1.0,0.0,0.0,0.0,0.0,0.0,0.0,0.0,0.0,0.0,0.0,773.0769,23.076923,0.0,0,0,0,1,0,0,0.0,0.0,0.0,0.0,0.0,0.0
46,495,1.0,0.0,5.0,1.0,1.0,1.0,0.0,56.0,1.0,0.0,6.0,0.0,1.0,1.0,0.0,0.0,0.0,0.0,0.0,0.0,0.0,0.0,0.0,3375.0,375.0,0.0,0,0,0,1,0,0,0.0,0.0,0.0,0.0,0.0,0.0
47,493,1.0,0.0,2.0,0.0,0.0,1.0,0.0,35.0,1.0,0.0,4.0,6.0,1.0,1.0,0.0,0.0,0.0,0.0,0.0,0.0,0.0,0.0,0.0,2750.0,1500.0,0.0,0,0,0,1,0,0,0.0,0.0,0.0,0.0,0.0,0.0
48,508,2.0,0.0,3.0,0.0,1.0,1.0,0.0,41.0,1.0,0.0,4.0,8.0,1.0,1.0,0.0,0.0,0.0,0.0,0.0,0.0,0.0,0.0,0.0,14500.0,0.0,0.0,0,0,0,1,0,0,0.0,0.0,0.0,0.0,0.0,0.0
49,508,2.0,0.0,1.0,0.0,1.0,1.0,0.0,46.0,1.0,0.0,4.0,10.0,1.0,1.0,0.0,0.0,0.0,0.0,0.0,0.0,0.0,0.0,0.0,250.0,50.0,0.0,0,0,0,1,0,0,0.0,0.0,0.0,0.0,0.0,0.0
50,508,2.0,0.0,2.0,0.0,1.0,1.0,0.0,36.0,1.0,0.0,3.0,8.0,1.0,1.0,0.0,0.0,0.0,0.0,0.0,0.0,0.0,0.0,0.0,1015.0,15.0,0.0,0,0,0,1,0,0,0.0,0.0,0.0,0.0,0.0,0.0
51,198/3,4.0,0.0,2.0,1.0,1.0,1.0,0.0,21.0,1.0,0.0,4.0,9.0,1.0,1.0,0.0,0.0,0.0,0.0,0.0,0.0,0.0,0.0,0.0,2170.0,120.0,0.0,0,0,0,1,0,0,0.0,0.0,0.0,0.0,0.0,0.0
52,198/3,4.0,0.0,4.0,1.0,1.0,0.0,0.0,24.0,1.0,0.0,4.0,6.0,1.0,1.0,0.0,0.0,0.0,0.0,0.0,0.0,0.0,0.0,0.0,4482.6924,300.0,0.0,0,0,0,1,0,0,0.0,0.0,0.0,0.0,0.0,0.0
53,198/3,4.0,0.0,1.0,0.0,1.0,1.0,0.0,46.0,1.0,0.0,3.0,0.0,1.0,0.0,0.0,0.0,0.0,0.0,0.0,0.0,0.0,0.0,0.0,300.0,0.0,0.0,0,0,0,1,0,0,0.0,0.0,0.0,0.0,0.0,0.0
54,497,1.0,1.0,1.0,1.0,1.0,1.0,0.0,19.0,0.0,0.0,2.0,9.0,0.0,0.0,0.0,0.0,0.0,0.0,0.0,0.0,0.0,0.0,0.0,0.0,0.0,0.0,0,0,0,1,0,0,0.0,0.0,0.0,0.0,0.0,0.0
55,497,1.0,1.0,2.0,1.0,1.0,1.0,0.0,46.0,1.0,0.0,3.0,11.0,1.0,0.0,0.0,0.0,0.0,0.0,0.0,0.0,0.0,0.0,0.0,3250.0,3000.0,0.0,0,0,0,1,0,0,0.0,0.0,0.0,0.0,0.0,0.0
56,496,1.0,1.0,2.0,0.0,1.0,1.0,0.0,41.0,1.0,0.0,8.0,11.0,1.0,1.0,0.0,0.0,0.0,0.0,0.0,0.0,0.0,0.0,0.0,0.0,0.0,0.0,0,0,0,1,0,0,0.0,0.0,0.0,0.0,0.0,0.0
57,497,1.0,0.0,3.0,1.0,1.0,1.0,0.0,29.0,1.0,0.0,3.0,8.0,1.0,0.0,0.0,0.0,0.0,0.0,0.0,0.0,0.0,0.0,0.0,4750.0,750.0,0.0,0,0,0,1,0,0,0.0,0.0,0.0,0.0,0.0,0.0
58,305/2,4.0,1.0,1.0,0.0,0.0,0.7690476,1.0,34.0,1.0,0.0,3.0,2.0,0.0,1.0,0.0,0.0,0.0,0.0,0.0,0.0,0.0,0.0,1.0,670.0,670.0,0.0,0,0,0,1,0,0,0.0,0.0,0.0,0.0,0.0,0.0
59,305/2,4.0,0.0,2.0,0.0,0.0,1.0,0.0,21.0,1.0,0.0,4.0,8.0,0.0,1.0,0.0,0.0,0.0,0.0,0.0,0.0,0.0,0.0,0.0,840.0,0.0,0.0,0,0,0,1,0,0,0.0,0.0,0.0,0.0,0.0,0.0
60,402/6,5.0,1.0,1.0,1.0,1.0,1.0,0.0,26.0,1.0,1.0,4.0,1.0,1.0,1.0,0.0,0.0,0.0,0.0,0.0,0.0,0.0,0.0,0.0,700.0,700.0,0.0,0,0,0,1,0,0,0.0,0.0,0.0,0.0,0.0,0.0
61,402/5,3.0,0.0,2.0,1.0,1.0,1.0,0.0,29.0,1.0,1.0,4.0,5.0,1.0,1.0,0.0,0.0,0.0,0.0,0.0,0.0,0.0,0.0,0.0,500.0,500.0,0.0,0,0,0,1,0,0,0.0,0.0,0.0,0.0,0.0,0.0
62,402/9,6.0,1.0,2.0,1.0,1.0,1.0,0.0,23.0,1.0,1.0,5.0,10.0,1.0,1.0,0.0,0.0,0.0,0.0,0.0,0.0,0.0,0.0,0.0,0.0,0.0,0.0,0,0,1,0,0,0,0.0,0.0,0.0,0.0,0.0,0.0
63,402/5,3.0,0.0,2.0,0.0,1.0,1.0,0.0,32.0,1.0,1.0,4.0,7.0,1.0,1.0,0.0,0.0,0.0,0.0,0.0,0.0,0.0,0.0,0.0,1131.6924,324.0,0.0,0,0,0,1,0,0,0.0,0.0,0.0,0.0,0.0,0.0
64,438,4.0,1.0,1.0,1.0,1.0,1.0,0.0,34.0,1.0,0.0,4.0,9.0,1.0,1.0,0.0,0.0,0.0,0.0,0.0,0.0,0.0,0.0,0.0,550.0,550.0,0.0,0,0,0,1,0,0,0.0,0.0,0.0,0.0,0.0,0.0
65,438,4.0,1.0,1.0,0.0,1.0,1.0,0.0,43.0,0.0,0.0,2.0,10.0,0.0,1.0,0.0,0.0,0.0,0.0,0.0,0.0,0.0,0.0,0.0,0.0,0.0,0.0,0,0,0,1,0,0,0.0,0.0,0.0,0.0,0.0,0.0
66,405/2,3.0,0.0,2.0,0.0,0.0,1.0,0.0,29.0,1.0,0.0,3.0,7.0,1.0,1.0,0.0,0.0,0.0,0.0,0.0,0.0,0.0,0.0,0.0,0.0,0.0,0.0,0,1,0,0,0,0,0.0,0.0,0.0,0.0,0.0,0.0
67,363/6,5.0,0.0,2.0,1.0,0.0,1.0,0.0,28.0,1.0,0.0,3.0,11.0,1.0,1.0,0.0,0.0,0.0,0.0,0.0,0.0,0.0,0.0,0.0,2480.0,480.0,0.0,0,0,0,1,0,0,0.0,0.0,0.0,0.0,0.0,0.0
68,433,3.0,0.0,3.0,0.0,1.0,1.0,0.0,32.0,1.0,0.0,5.0,1.0,1.0,1.0,0.0,0.0,0.0,0.0,0.0,0.0,0.0,0.0,0.0,2675.0,675.0,0.0,0,0,0,1,0,0,0.0,0.0,0.0,0.0,0.0,0.0
69,433,3.0,0.0,2.0,0.0,1.0,1.0,0.0,31.0,1.0,0.0,4.0,1.0,1.0,1.0,0.0,0.0,0.0,0.0,0.0,0.0,0.0,0.0,0.0,900.0,500.0,0.0,0,0,0,1,0,0,0.0,0.0,0.0,0.0,0.0,0.0
70,433,3.0,1.0,1.0,0.0,1.0,1.0,0.0,31.0,1.0,0.0,4.0,0.0,0.0,1.0,0.0,0.0,0.0,0.0,0.0,0.0,0.0,0.0,0.0,300.0,300.0,0.0,0,0,0,1,0,0,0.0,0.0,0.0,0.0,0.0,0.0
71,363/3,3.0,1.0,3.0,0.0,1.0,1.0,0.0,46.0,1.0,0.0,2.0,1.0,1.0,1.0,0.0,0.0,0.0,0.0,0.0,0.0,0.0,0.0,0.0,1000.0,700.0,0.0,0,0,0,1,0,0,0.0,0.0,0.0,0.0,0.0,0.0
72,363/8,7.0,0.0,2.0,0.0,1.0,1.0,0.0,32.0,1.0,0.0,5.0,6.0,0.0,1.0,0.0,0.0,0.0,0.0,0.0,0.0,0.0,0.0,0.0,1300.0,700.0,0.0,0,0,0,1,0,0,0.0,0.0,0.0,0.0,0.0,0.0
73,363/7,6.0,0.0,3.0,0.0,0.0,1.0,0.0,30.0,1.0,0.0,4.0,1.0,1.0,1.0,0.0,0.0,0.0,0.0,0.0,0.0,0.0,0.0,0.0,540.0,240.0,0.0,0,0,0,1,0,0,0.0,0.0,0.0,0.0,0.0,0.0
74,363/7,6.0,0.0,2.0,1.0,0.0,1.0,0.0,32.0,1.0,0.0,5.0,1.0,1.0,1.0,0.0,0.0,0.0,0.0,0.0,0.0,0.0,0.0,0.0,3960.0,210.0,0.0,0,0,0,1,0,0,0.0,0.0,0.0,0.0,0.0,0.0
75,363/8,7.0,1.0,1.0,0.0,1.0,1.0,0.0,24.0,0.0,0.0,4.0,8.0,1.0,1.0,0.0,0.0,0.0,0.0,0.0,0.0,0.0,0.0,0.0,7480.0,7480.0,0.0,0,0,0,1,0,0,0.0,0.0,0.0,0.0,0.0,0.0
76,363/8,7.0,0.0,3.0,1.0,1.0,1.0,0.0,27.0,1.0,0.0,4.0,7.0,1.0,1.0,0.0,0.0,0.0,0.0,0.0,0.0,0.0,0.0,0.0,2157.6924,350.0,0.0,0,0,0,1,0,0,0.0,0.0,0.0,0.0,0.0,0.0
77,363/7,6.0,0.0,2.0,1.0,0.0,1.0,0.0,33.0,1.0,0.0,4.0,6.0,1.0,1.0,0.0,0.0,0.0,0.0,0.0,0.0,0.0,0.0,0.0,461.53845,0.0,0.0,0,0,0,1,0,0,0.0,0.0,0.0,0.0,0.0,0.0
78,417,1.0,0.0,2.0,0.0,1.0,1.0,0.0,23.0,1.0,0.0,3.0,9.0,1.0,0.0,0.0,0.0,0.0,0.0,0.0,0.0,0.0,1.0,0.0,1442.3076,200.0,0.0,0,0,0,1,0,0,0.0,0.0,0.0,0.0,0.0,0.0
79,416/2,2.0,0.0,2.0,0.0,1.0,1.0,0.0,32.0,1.0,0.0,3.0,5.0,1.0,0.0,0.0,0.0,0.0,0.0,0.0,0.0,0.0,1.0,0.0,1350.0,600.0,0.0,0,0,0,1,0,0,0.0,0.0,0.0,0.0,0.0,0.0
80,416/2,2.0,1.0,2.0,0.0,1.0,1.0,0.0,35.0,1.0,0.0,5.0,5.0,1.0,1.0,0.0,0.0,0.0,0.0,0.0,0.0,0.0,1.0,0.0,6500.0,6300.0,0.0,0,0,0,1,0,0,0.0,0.0,0.0,0.0,0.0,0.0
81,417,1.0,0.0,2.0,0.0,1.0,0.0,0.0,35.0,1.0,0.0,6.0,2.0,1.0,0.0,0.0,0.0,0.0,0.0,0.0,0.0,0.0,0.0,0.0,500.0,500.0,0.0,0,0,0,1,0,0,0.0,0.0,0.0,0.0,0.0,0.0
82,416/2,2.0,1.0,1.0,0.0,1.0,1.0,0.0,31.0,1.0,0.0,4.0,2.0,1.0,0.0,0.0,0.0,0.0,0.0,0.0,0.0,0.0,1.0,0.0,250.0,250.0,0.0,0,0,0,1,0,0,0.0,0.0,0.0,0.0,0.0,0.0
83,417,1.0,0.0,2.0,1.0,1.0,1.0,0.0,36.0,0.0,0.0,7.0,6.0,1.0,1.0,0.0,0.0,0.0,0.0,0.0,0.0,0.0,1.0,0.0,965.0,0.0,0.0,0,0,0,1,0,0,0.0,0.0,0.0,0.0,0.0,0.0
84,417,1.0,0.0,2.0,1.0,1.0,1.0,0.0,25.0,1.0,0.0,4.0,9.0,1.0,1.0,0.0,0.0,0.0,0.0,0.0,0.0,0.0,1.0,0.0,1357.0,357.0,0.0,0,0,0,1,0,0,0.0,0.0,0.0,0.0,0.0,0.0
85,416/2,2.0,0.0,2.0,0.0,1.0,1.0,0.0,34.0,1.0,0.0,4.0,0.0,1.0,1.0,0.0,0.0,0.0,0.0,0.0,0.0,0.0,1.0,0.0,700.0,0.0,0.0,0,0,0,1,0,0,0.0,0.0,0.0,0.0,0.0,0.0
86,553,6.0,0.0,3.0,0.0,1.0,0.0,0.0,35.0,1.0,0.0,4.0,8.0,1.0,1.0,0.0,0.0,0.0,0.0,0.0,0.0,0.0,0.0,0.0,3850.0,450.0,0.0,0,0,0,1,0,0,0.0,0.0,0.0,0.0,0.0,0.0
87,553,6.0,0.0,2.0,0.0,1.0,0.0,0.0,41.0,1.0,0.0,4.0,0.0,1.0,1.0,0.0,0.0,0.0,0.0,0.0,0.0,0.0,0.0,0.0,2500.0,500.0,0.0,0,0,0,1,0,0,0.0,0.0,0.0,0.0,0.0,0.0
88,553/2,6.0,1.0,2.0,1.0,0.0,1.0,0.0,31.0,1.0,0.0,4.0,8.0,1.0,0.0,0.0,0.0,0.0,0.0,0.0,0.0,0.0,0.0,0.0,450.0,250.0,0.0,0,0,0,1,0,0,0.0,0.0,0.0,0.0,0.0,0.0
89,553,6.0,1.0,1.0,0.0,1.0,1.0,0.0,46.0,1.0,0.0,6.0,0.0,1.0,0.0,0.0,0.0,0.0,0.0,0.0,0.0,0.0,0.0,0.0,100.0,100.0,0.0,0,0,0,1,0,0,0.0,0.0,0.0,0.0,0.0,0.0
90,553,6.0,0.0,2.0,0.0,1.0,0.0,0.0,40.0,1.0,0.0,4.0,1.0,1.0,1.0,0.0,0.0,0.0,0.0,0.0,0.0,0.0,0.0,0.0,3025.0,325.0,0.0,0,0,0,1,0,0,0.0,0.0,0.0,0.0,0.0,0.0
91,571,6.0,1.0,1.0,0.0,1.0,1.0,0.0,35.0,1.0,0.0,3.0,10.0,1.0,1.0,0.0,0.0,0.0,0.0,0.0,0.0,0.0,0.0,0.0,300.0,300.0,0.0,0,0,0,1,0,0,0.0,0.0,0.0,0.0,0.0,0.0
92,571,6.0,1.0,1.0,0.0,1.0,1.0,0.0,33.0,1.0,0.0,3.0,8.0,1.0,1.0,0.0,0.0,0.0,0.0,0.0,0.0,0.0,0.0,0.0,4000.0,4000.0,0.0,0,0,0,1,0,0,0.0,0.0,0.0,0.0,0.0,0.0
93,520,4.0,0.0,2.0,1.0,1.0,1.0,0.0,32.0,1.0,0.0,6.0,9.0,1.0,1.0,0.0,0.0,0.0,0.0,0.0,0.0,0.0,0.0,0.0,3850.0,350.0,0.0,0,0,0,1,0,0,0.0,0.0,0.0,0.0,0.0,0.0
94,198/4,5.0,1.0,1.0,0.0,1.0,1.0,0.0,39.0,0.0,0.0,3.0,1.0,1.0,0.0,0.0,0.0,0.0,0.0,0.0,0.0,0.0,0.0,0.0,0.0,0.0,0.0,0,0,0,1,0,0,0.0,0.0,0.0,0.0,0.0,0.0
95,198/7,5.0,1.0,1.0,0.0,0.0,1.0,0.0,45.0,1.0,0.0,6.0,3.0,1.0,1.0,0.0,0.0,0.0,0.0,0.0,0.0,0.0,0.0,0.0,1000.0,1000.0,0.0,0,0,0,1,0,0,0.0,0.0,0.0,0.0,0.0,0.0
96,198/4,5.0,0.0,3.0,1.0,1.0,1.0,0.0,26.0,1.0,0.0,4.0,0.0,1.0,1.0,0.0,0.0,0.0,0.0,0.0,0.0,0.0,0.0,0.0,1050.0,150.0,0.0,0,0,0,1,0,0,0.0,0.0,0.0,0.0,0.0,0.0
97,198/4,5.0,0.0,3.0,1.0,1.0,1.0,0.0,49.0,0.0,0.0,4.0,1.0,1.0,1.0,0.0,0.0,0.0,0.0,0.0,0.0,0.0,0.0,0.0,3807.6924,0.0,0.0,0,0,0,1,0,0,0.0,0.0,0.0,0.0,0.0,0.0
98,198/4,5.0,0.0,2.0,0.0,1.0,1.0,0.0,27.0,1.0,0.0,4.0,10.0,1.0,1.0,0.0,0.0,0.0,0.0,0.0,0.0,0.0,0.0,0.0,168.0,168.0,0.0,0,0,0,1,0,0,0.0,0.0,0.0,0.0,0.0,0.0
99,198/7,5.0,1.0,1.0,0.0,0.0,1.0,0.0,34.0,1.0,0.0,4.0,6.0,1.0,0.0,0.0,0.0,0.0,0.0,0.0,0.0,0.0,0.0,0.0,165.0,165.0,0.0,0,0,0,1,0,0,0.0,0.0,0.0,0.0,0.0,0.0
100,534,5.0,1.0,2.0,0.0,1.0,1.0,0.0,26.0,0.0,0.0,4.0,10.0,1.0,0.0,0.0,0.0,0.0,0.0,0.0,0.0,0.0,0.0,0.0,3385.0,1920.0,0.0,0,0,0,1,0,0,0.0,0.0,0.0,0.0,0.0,0.0
101,534,5.0,0.0,2.0,0.0,1.0,0.0,0.0,38.0,1.0,0.0,3.0,9.0,1.0,1.0,0.0,0.0,0.0,0.0,0.0,0.0,0.0,0.0,0.0,8080.0,1080.0,0.0,0,0,0,1,0,0,0.0,0.0,0.0,0.0,0.0,0.0
102,534,5.0,0.0,3.0,0.0,1.0,1.0,0.0,29.0,1.0,0.0,3.0,10.0,1.0,1.0,0.0,0.0,0.0,0.0,0.0,0.0,0.0,0.0,0.0,2625.0,0.0,0.0,0,0,0,1,0,0,0.0,0.0,0.0,0.0,0.0,0.0
103,200/5,6.0,1.0,2.0,0.0,0.0,1.0,0.0,27.0,1.0,1.0,5.0,0.0,1.0,1.0,0.0,0.0,0.0,0.0,0.0,0.0,0.0,1.0,0.0,0.0,0.0,0.0,0,0,0,1,0,0,0.0,0.0,0.0,0.0,0.0,0.0
104,200/5,6.0,1.0,1.0,0.0,0.0,1.0,0.0,31.0,1.0,1.0,4.0,0.0,1.0,1.0,0.0,0.0,0.0,0.0,0.0,0.0,0.0,1.0,0.0,0.0,0.0,0.0,0,0,0,1,0,0,0.0,0.0,0.0,0.0,0.0,0.0
105,200/2,4.0,1.0,1.0,0.0,1.0,1.0,0.0,35.0,1.0,0.0,5.0,0.0,1.0,1.0,0.0,0.0,0.0,0.0,0.0,0.0,0.0,1.0,0.0,500.0,500.0,0.0,0,0,0,1,0,0,0.0,0.0,0.0,0.0,0.0,0.0
106,200/3,4.0,0.0,2.0,1.0,0.0,1.0,0.0,23.0,1.0,0.0,3.0,9.0,0.0,1.0,0.0,0.0,0.0,0.0,0.0,0.0,0.0,1.0,0.0,1398.0,348.0,0.0,0,0,1,0,0,0,0.0,0.0,0.0,0.0,0.0,0.0
107,200/3,4.0,0.0,2.0,0.0,0.0,1.0,0.0,27.0,1.0,0.0,4.0,6.0,0.0,1.0,0.0,0.0,0.0,0.0,0.0,0.0,0.0,1.0,0.0,1230.7693,750.0,0.0,0,0,0,1,0,0,0.0,0.0,0.0,0.0,0.0,0.0
108,200/3,4.0,0.0,3.0,0.0,0.0,1.0,0.0,38.0,1.0,0.0,4.0,5.0,0.0,1.0,0.0,0.0,0.0,0.0,0.0,0.0,0.0,1.0,0.0,1201.5385,0.0,0.0,0,0,0,1,0,0,0.0,0.0,0.0,0.0,0.0,0.0
109,200/3,4.0,0.0,2.0,1.0,0.0,1.0,0.0,37.0,1.0,0.0,3.0,0.0,0.0,1.0,0.0,0.0,0.0,0.0,0.0,0.0,0.0,1.0,0.0,820.0,120.0,0.0,0,0,0,1,0,0,0.0,0.0,0.0,0.0,0.0,0.0
110,511/2,3.0,1.0,1.0,1.0,1.0,1.0,0.0,27.0,1.0,0.0,5.0,7.0,1.0,1.0,0.0,0.0,0.0,0.0,0.0,0.0,0.0,0.0,0.0,675.0,675.0,0.0,0,0,0,1,0,0,0.0,0.0,0.0,0.0,0.0,0.0
111,511,3.0,0.0,3.0,0.0,0.0,1.0,0.0,36.0,1.0,0.0,4.0,10.0,1.0,1.0,0.0,0.0,0.0,0.0,0.0,0.0,0.0,1.0,0.0,2720.0,425.0,0.0,0,0,0,1,0,0,0.0,0.0,0.0,0.0,0.0,0.0
112,511,3.0,1.0,1.0,0.0,0.0,1.0,0.0,45.0,1.0,0.0,4.0,7.0,1.0,1.0,0.0,0.0,0.0,0.0,0.0,0.0,0.0,0.0,0.0,500.0,500.0,0.0,0,0,0,1,0,0,0.0,0.0,0.0,0.0,0.0,0.0
113,533,5.0,0.0,2.0,0.0,1.0,1.0,0.0,37.0,1.0,0.0,5.0,8.0,0.0,1.0,0.0,0.0,0.0,0.0,0.0,0.0,0.0,0.0,0.0,4914.231,0.0,0.0,0,1,0,0,0,0,0.0,0.0,0.0,0.0,0.0,0.0
114,533/2,5.0,1.0,1.0,0.0,0.0,0.0,0.0,36.0,1.0,0.0,3.0,3.0,1.0,1.0,0.0,0.0,0.0,0.0,0.0,0.0,0.0,0.0,0.0,52.0,52.0,0.0,1,0,0,0,0,0,0.0,0.0,0.0,0.0,0.0,0.0
115,533/2,5.0,1.0,1.0,0.0,0.0,0.0,0.0,46.0,1.0,0.0,8.0,15.0,1.0,1.0,0.0,0.0,0.0,0.0,0.0,0.0,0.0,0.0,0.0,300.0,300.0,0.0,0,0,0,1,0,0,0.0,0.0,0.0,0.0,0.0,0.0
116,533,5.0,1.0,1.0,0.0,1.0,1.0,0.0,46.0,1.0,0.0,4.0,8.0,1.0,1.0,0.0,0.0,0.0,0.0,0.0,0.0,0.0,0.0,0.0,1775.0,500.0,0.0,0,0,0,1,0,0,0.0,0.0,0.0,0.0,0.0,0.0
117,533,5.0,1.0,1.0,0.0,1.0,1.0,0.0,29.0,1.0,0.0,3.0,1.0,1.0,1.0,0.0,0.0,0.0,0.0,0.0,0.0,0.0,0.0,0.0,0.0,0.0,0.0,0,1,0,0,0,0,0.0,0.0,0.0,0.0,0.0,0.0
118,475,2.0,1.0,2.0,0.0,1.0,1.0,0.0,27.0,0.0,0.0,3.0,9.0,0.0,1.0,0.0,0.0,0.0,0.0,0.0,0.0,0.0,0.0,0.0,1700.0,1200.0,0.0,0,0,1,0,0,0,0.0,0.0,0.0,0.0,0.0,0.0
119,474,2.0,0.0,2.0,0.0,1.0,1.0,0.0,38.0,1.0,0.0,2.0,11.0,1.0,1.0,0.0,0.0,0.0,0.0,0.0,0.0,0.0,0.0,0.0,1350.0,100.0,0.0,0,0,1,0,0,0,0.0,0.0,0.0,0.0,0.0,0.0
120,474,2.0,0.0,2.0,1.0,1.0,1.0,0.0,36.0,1.0,0.0,8.0,10.0,0.0,1.0,0.0,0.0,0.0,0.0,0.0,0.0,0.0,0.0,0.0,2960.0,360.0,0.0,0,0,1,0,0,0,0.0,0.0,0.0,0.0,0.0,0.0
121,475,2.0,0.0,3.0,0.0,1.0,1.0,0.0,26.0,0.0,0.0,5.0,10.0,0.0,1.0,0.0,0.0,0.0,0.0,0.0,0.0,0.0,0.0,0.0,0.0,0.0,0.0,0,0,1,0,0,0,0.0,0.0,0.0,0.0,0.0,0.0
122,474,2.0,0.0,3.0,1.0,1.0,1.0,0.0,25.0,1.0,0.0,6.0,12.0,0.0,1.0,0.0,0.0,0.0,0.0,0.0,0.0,0.0,0.0,0.0,3740.0,0.0,0.0,0,0,1,0,0,0,0.0,0.0,0.0,0.0,0.0,0.0
123,506,2.0,0.0,2.0,1.0,0.0,1.0,0.0,27.0,1.0,0.0,4.0,5.0,0.0,1.0,0.0,0.0,0.0,0.0,0.0,0.0,0.0,0.0,0.0,1320.0,120.0,0.0,0,0,0,1,0,0,0.0,0.0,0.0,0.0,0.0,0.0
124,506/2,2.0,0.0,2.0,0.0,0.0,1.0,0.0,41.0,1.0,0.0,2.0,8.0,0.0,1.0,0.0,0.0,0.0,0.0,0.0,0.0,0.0,0.0,0.0,390.0,40.0,0.0,0,0,0,1,0,0,0.0,0.0,0.0,0.0,0.0,0.0
125,506/2,2.0,0.0,3.0,0.0,0.0,1.0,0.0,33.0,1.0,0.0,4.0,7.0,1.0,0.0,0.0,0.0,0.0,0.0,0.0,0.0,0.0,0.0,0.0,3807.6924,0.0,0.0,0,0,0,1,0,0,0.0,0.0,0.0,0.0,0.0,0.0
126,512,3.0,1.0,3.0,0.0,1.0,1.0,0.0,36.0,0.0,0.0,5.0,0.0,0.0,1.0,0.0,0.0,0.0,0.0,0.0,0.0,0.0,0.0,0.0,830.0,375.0,0.0,0,0,0,1,0,0,0.0,0.0,0.0,0.0,0.0,0.0
127,512,3.0,0.0,2.0,1.0,1.0,1.0,0.0,27.0,1.0,0.0,4.0,5.0,1.0,0.0,0.0,0.0,0.0,0.0,0.0,0.0,0.0,0.0,0.0,3568.0,160.0,0.0,0,0,0,1,0,0,0.0,0.0,0.0,0.0,0.0,0.0
128,512,3.0,0.0,2.0,1.0,1.0,1.0,0.0,27.0,1.0,0.0,6.0,6.0,1.0,0.0,0.0,0.0,0.0,0.0,0.0,0.0,0.0,0.0,0.0,4825.0,150.0,0.0,0,0,0,1,0,0,0.0,0.0,0.0,0.0,0.0,0.0
129,Rama,4.0,0.0,2.0,0.0,0.0,0.0,0.0,39.0,1.0,0.0,2.0,5.0,1.0,0.0,0.0,0.0,0.0,0.0,0.0,0.0,0.0,0.0,0.0,975.0,100.0,0.0,0,0,0,1,0,0,0.0,0.0,0.0,0.0,0.0,0.0
130,Rama,4.0,0.0,3.0,1.0,0.0,0.0,0.0,39.0,1.0,0.0,3.0,0.0,1.0,0.0,0.0,0.0,0.0,0.0,0.0,0.0,0.0,0.0,0.0,742.30774,300.0,0.0,0,0,1,0,0,0,0.0,0.0,0.0,0.0,0.0,0.0
131,Sumana,4.0,1.0,1.0,0.0,1.0,0.0,0.0,31.0,1.0,0.0,4.0,10.0,1.0,0.0,0.0,0.0,0.0,0.0,0.0,0.0,0.0,0.0,0.0,450.0,450.0,0.0,0,0,0,1,0,0,0.0,0.0,0.0,0.0,0.0,0.0
132,Sumana,4.0,1.0,1.0,1.0,1.0,0.0,0.0,33.0,1.0,0.0,5.0,2.0,1.0,0.0,0.0,0.0,0.0,0.0,0.0,0.0,0.0,0.0,0.0,80.0,80.0,0.0,0,0,0,1,0,0,0.0,0.0,0.0,0.0,0.0,0.0
133,Sumana,4.0,0.0,2.0,1.0,1.0,0.0,0.0,46.0,1.0,0.0,5.0,0.0,1.0,0.0,0.0,0.0,0.0,0.0,0.0,0.0,0.0,0.0,0.0,850.0,150.0,0.0,0,0,0,1,0,0,0.0,0.0,0.0,0.0,0.0,0.0
134,Sumana,4.0,1.0,1.0,1.0,1.0,0.0,0.0,23.0,0.0,0.0,3.0,10.0,1.0,0.0,0.0,0.0,0.0,0.0,0.0,0.0,0.0,0.0,0.0,625.0,625.0,0.0,0,0,0,1,0,0,0.0,0.0,0.0,0.0,0.0,0.0
135,Sumana,4.0,1.0,1.0,0.0,1.0,0.0,0.0,38.0,1.0,0.0,2.0,1.0,1.0,0.0,0.0,0.0,0.0,0.0,0.0,0.0,0.0,0.0,0.0,1250.0,1250.0,0.0,0,0,0,1,0,0,0.0,0.0,0.0,0.0,0.0,0.0
136,Sanchita,3.0,0.0,3.0,0.0,0.0,0.0,0.0,46.0,1.0,0.0,3.0,10.0,1.0,0.0,0.0,0.0,0.0,0.0,0.0,0.0,0.0,0.0,0.0,1200.0,200.0,0.0,0,0,0,1,0,0,0.0,0.0,0.0,0.0,0.0,0.0
137,Sanchita,3.0,1.0,2.0,1.0,0.0,1.0,0.0,29.0,1.0,0.0,3.0,10.0,1.0,1.0,0.0,0.0,0.0,0.0,0.0,0.0,0.0,0.0,0.0,800.0,500.0,0.0,0,0,0,1,0,0,0.0,0.0,0.0,0.0,0.0,0.0
138,Sanchita,3.0,1.0,2.0,0.0,0.0,1.0,0.0,46.0,1.0,0.0,3.0,7.0,1.0,0.0,0.0,0.0,0.0,0.0,0.0,0.0,0.0,0.0,0.0,525.0,480.0,0.0,0,0,0,1,0,0,0.0,0.0,0.0,0.0,0.0,0.0
139,Sanchita,3.0,0.0,2.0,0.0,0.0,1.0,0.0,39.0,1.0,0.0,3.0,8.0,1.0,1.0,0.0,0.0,0.0,0.0,0.0,0.0,0.0,0.0,0.0,1700.0,300.0,0.0,0,0,0,1,0,0,0.0,0.0,0.0,0.0,0.0,0.0
140,Sanchita,3.0,1.0,1.0,1.0,0.0,1.0,0.0,25.0,1.0,0.0,3.0,10.0,1.0,0.0,0.0,0.0,0.0,0.0,0.0,0.0,0.0,0.0,0.0,0.0,0.0,0.0,0,0,0,1,0,0,0.0,0.0,0.0,0.0,0.0,0.0
141,Ruma,2.0,1.0,1.0,0.0,0.0,1.0,0.0,48.0,1.0,0.0,5.0,8.0,1.0,0.0,0.0,0.0,0.0,0.0,0.0,0.0,0.0,0.0,0.0,0.0,0.0,0.0,0,0,0,1,0,0,0.0,0.0,0.0,0.0,0.0,0.0
142,Ruma,2.0,1.0,1.0,0.0,0.0,0.0,0.0,37.0,1.0,0.0,5.0,6.0,1.0,0.0,0.0,0.0,0.0,0.0,0.0,0.0,0.0,0.0,0.0,375.0,375.0,0.0,0,0,0,1,0,0,0.0,0.0,0.0,0.0,0.0,0.0
143,Ila,1.0,0.0,5.0,0.0,0.0,0.0,0.0,41.0,1.0,0.0,4.0,8.0,1.0,1.0,0.0,0.0,0.0,0.0,0.0,0.0,0.0,0.0,0.0,6917.3076,192.3077,0.0,0,0,0,1,0,0,0.0,0.0,0.0,0.0,0.0,0.0
144,Ila,1.0,1.0,2.0,0.0,0.0,1.0,0.0,39.0,0.0,0.0,2.0,10.0,1.0,1.0,0.0,0.0,0.0,0.0,0.0,0.0,0.0,0.0,0.0,1200.0,500.0,0.0,0,0,0,1,0,0,0.0,0.0,0.0,0.0,0.0,0.0
145,Supti,2.0,0.0,3.0,0.0,0.0,0.0,0.0,39.0,1.0,0.0,3.0,10.0,1.0,1.0,0.0,0.0,0.0,0.0,0.0,0.0,0.0,0.0,0.0,2000.0,0.0,0.0,0,0,0,1,0,0,0.0,0.0,0.0,0.0,0.0,0.0
146,402/3,2.0,0.0,2.0,0.0,1.0,1.0,0.0,26.0,1.0,0.0,5.0,1.0,0.0,1.0,0.0,0.0,0.0,0.0,0.0,0.0,0.0,0.0,0.0,336.0,336.0,0.0,0,0,0,1,0,0,0.0,0.0,0.0,0.0,0.0,0.0
147,402/8,6.0,1.0,1.0,0.0,0.0,1.0,0.0,41.0,1.0,0.0,4.0,7.0,0.0,1.0,0.0,0.0,0.0,0.0,0.0,0.0,0.0,0.0,0.0,350.0,350.0,0.0,0,0,0,1,0,0,0.0,0.0,0.0,0.0,0.0,0.0
148,402/2,2.0,1.0,1.0,0.0,0.0,1.0,0.0,37.0,1.0,0.0,5.0,5.0,0.0,0.0,0.0,0.0,0.0,0.0,0.0,0.0,0.0,0.0,0.0,1000.0,0.0,0.0,0,0,0,1,0,0,0.0,0.0,0.0,0.0,0.0,0.0
149,402/8,6.0,0.0,2.0,0.0,0.0,1.0,0.0,20.0,0.0,0.0,3.0,5.0,0.0,1.0,0.0,0.0,0.0,0.0,0.0,0.0,0.0,0.0,0.0,2400.0,0.0,0.0,0,0,0,1,0,0,0.0,0.0,0.0,0.0,0.0,0.0
150,402/8,6.0,1.0,1.0,1.0,0.0,1.0,0.0,43.0,0.0,0.0,4.0,1.0,1.0,1.0,0.0,0.0,0.0,0.0,0.0,0.0,0.0,1.0,0.0,1250.0,1250.0,0.0,0,0,0,1,0,0,0.0,0.0,0.0,0.0,0.0,0.0
151,399/3,5.0,0.0,2.0,1.0,1.0,1.0,0.0,22.0,1.0,0.0,4.0,4.0,0.0,1.0,0.0,0.0,0.0,0.0,0.0,0.0,0.0,0.0,0.0,4320.0,0.0,0.0,0,0,0,1,0,0,0.0,0.0,0.0,0.0,0.0,0.0
152,416,1.0,0.0,3.0,0.0,0.0,1.0,0.0,51.0,1.0,0.0,3.0,0.0,0.0,1.0,0.0,0.0,0.0,0.0,0.0,0.0,0.0,1.0,0.0,3000.0,200.0,0.0,0,0,0,1,0,0,0.0,0.0,0.0,0.0,0.0,0.0
153,416,1.0,0.0,2.0,1.0,0.0,1.0,0.0,31.0,1.0,0.0,4.0,6.0,1.0,1.0,0.0,0.0,0.0,0.0,0.0,0.0,0.0,0.0,0.0,2390.0,220.0,0.0,0,0,0,1,0,0,0.0,0.0,0.0,0.0,0.0,0.0
154,416,1.0,0.0,2.0,0.0,0.0,1.0,0.0,31.0,1.0,0.0,3.0,9.0,1.0,1.0,0.0,0.0,0.0,0.0,0.0,0.0,0.0,1.0,0.0,2700.0,200.0,0.0,0,0,0,1,0,0,0.0,0.0,0.0,0.0,0.0,0.0
155,399/5,6.0,1.0,1.0,1.0,0.0,1.0,0.0,22.0,1.0,0.0,4.0,1.0,0.0,1.0,0.0,0.0,0.0,0.0,0.0,0.0,0.0,0.0,0.0,250.0,250.0,0.0,0,0,0,1,0,0,0.0,0.0,0.0,0.0,0.0,0.0
156,112/2,4.0,1.0,1.0,0.0,1.0,1.0,0.0,32.0,1.0,0.0,4.0,12.0,1.0,1.0,0.0,0.0,0.0,0.0,0.0,0.0,0.0,0.0,0.0,0.0,0.0,0.0,0,0,0,1,0,0,0.0,0.0,0.0,0.0,0.0,0.0
157,112/2,4.0,1.0,1.0,0.0,1.0,1.0,0.0,46.0,1.0,0.0,3.0,1.0,0.0,1.0,0.0,0.0,0.0,0.0,0.0,0.0,0.0,0.0,0.0,1500.0,1500.0,0.0,0,0,0,1,0,0,0.0,0.0,0.0,0.0,0.0,0.0
158,112/3,7.0,1.0,1.0,0.0,0.0,1.0,0.0,37.0,1.0,0.0,3.0,11.0,1.0,1.0,0.0,0.0,0.0,0.0,0.0,0.0,0.0,0.0,0.0,0.0,0.0,0.0,0,0,0,1,0,0,0.0,0.0,0.0,0.0,0.0,0.0
159,112/2,4.0,1.0,1.0,1.0,1.0,1.0,0.0,30.0,1.0,0.0,4.0,11.0,0.0,1.0,0.0,0.0,0.0,0.0,0.0,0.0,0.0,0.0,0.0,500.0,500.0,0.0,0,0,0,1,0,0,0.0,0.0,0.0,0.0,0.0,0.0
160,112/3,7.0,0.0,2.0,0.0,0.0,1.0,0.0,49.0,1.0,0.0,2.0,0.0,1.0,1.0,0.0,0.0,0.0,0.0,0.0,0.0,0.0,0.0,0.0,375.0,0.0,0.0,0,0,0,1,0,0,0.0,0.0,0.0,0.0,0.0,0.0
161,438/2,7.0,0.0,2.0,1.0,0.0,1.0,0.0,34.0,1.0,0.0,4.0,11.0,1.0,0.0,0.0,0.0,0.0,0.0,0.0,0.0,0.0,0.0,0.0,4250.0,2000.0,0.0,0,0,0,1,0,0,0.0,0.0,0.0,0.0,0.0,0.0
162,438/3,7.0,1.0,1.0,0.0,1.0,1.0,0.0,41.0,1.0,0.0,4.0,10.0,1.0,1.0,0.0,0.0,0.0,0.0,0.0,0.0,0.0,0.0,0.0,1800.0,1800.0,0.0,0,0,0,1,0,0,0.0,0.0,0.0,0.0,0.0,0.0
163,438/2,7.0,1.0,1.0,1.0,0.0,1.0,0.0,27.0,1.0,0.0,4.0,5.0,1.0,0.0,0.0,0.0,0.0,0.0,0.0,0.0,0.0,0.0,0.0,650.0,650.0,0.0,0,0,0,1,0,0,0.0,0.0,0.0,0.0,0.0,0.0
164,438/2,7.0,1.0,1.0,0.0,0.0,1.0,0.0,42.0,1.0,0.0,4.0,8.0,1.0,1.0,0.0,0.0,0.0,0.0,0.0,0.0,0.0,0.0,0.0,100.0,100.0,0.0,0,0,0,1,0,0,0.0,0.0,0.0,0.0,0.0,0.0
165,438/3,7.0,1.0,1.0,0.0,1.0,1.0,0.0,41.0,1.0,0.0,3.0,8.0,1.0,0.0,0.0,0.0,0.0,0.0,0.0,0.0,0.0,0.0,0.0,200.0,200.0,0.0,0,0,0,1,0,0,0.0,0.0,0.0,0.0,0.0,0.0
166,438/3,7.0,1.0,1.0,0.0,1.0,1.0,0.0,19.0,0.0,0.0,4.0,10.0,1.0,0.0,0.0,0.0,0.0,0.0,0.0,0.0,0.0,0.0,0.0,160.0,160.0,0.0,0,0,0,1,0,0,0.0,0.0,0.0,0.0,0.0,0.0
167,382/2,3.0,0.0,3.0,0.0,0.0,1.0,0.0,39.0,1.0,0.0,3.0,10.0,1.0,0.0,0.0,0.0,0.0,0.0,0.0,0.0,0.0,0.0,0.0,4000.0,0.0,0.0,0,0,0,1,0,0,0.0,0.0,0.0,0.0,0.0,0.0
168,382/2,3.0,0.0,2.0,0.0,0.0,1.0,0.0,43.0,1.0,0.0,3.0,12.0,1.0,1.0,0.0,0.0,0.0,0.0,0.0,0.0,0.0,0.0,0.0,8000.0,0.0,0.0,0,0,0,1,0,0,0.0,0.0,0.0,0.0,0.0,0.0
169,402/4,2.0,1.0,1.0,0.0,0.0,0.7690476,1.0,36.0,0.0,0.0,3.0,5.0,1.0,1.0,0.0,0.0,0.0,0.0,0.0,0.0,0.0,0.0,1.0,875.0,875.0,0.0,0,0,0,1,0,0,0.0,0.0,0.0,0.0,0.0,0.0
170,402/7,6.0,0.0,2.0,1.0,0.0,1.0,0.0,24.0,1.0,1.0,3.0,7.0,1.0,0.0,0.0,0.0,0.0,0.0,0.0,0.0,0.0,0.0,0.0,580.61536,91.0,0.0,0,0,0,1,0,0,0.0,0.0,0.0,0.0,0.0,0.0
171,402/4,2.0,0.0,2.0,0.0,0.0,1.0,0.0,41.0,1.0,0.0,4.0,10.0,1.0,1.0,0.0,0.0,0.0,0.0,0.0,0.0,0.0,0.0,0.0,2500.0,0.0,0.0,0,0,0,1,0,0,0.0,0.0,0.0,0.0,0.0,0.0
172,402/4,2.0,0.0,2.0,0.0,0.0,1.0,0.0,36.0,1.0,0.0,4.0,4.0,1.0,1.0,0.0,0.0,0.0,0.0,0.0,0.0,0.0,0.0,0.0,944.0,144.0,0.0,0,0,0,1,0,0,0.0,0.0,0.0,0.0,0.0,0.0
173,402/4,2.0,0.0,2.0,1.0,0.0,1.0,0.0,31.0,1.0,0.0,6.0,6.0,1.0,1.0,0.0,0.0,0.0,0.0,0.0,0.0,0.0,0.0,0.0,1296.4615,1008.0,0.0,0,0,0,1,0,0,0.0,0.0,0.0,0.0,0.0,0.0
174,402/4,2.0,0.0,2.0,0.0,0.0,1.0,0.0,41.0,1.0,0.0,3.0,5.0,1.0,1.0,0.0,0.0,0.0,0.0,0.0,0.0,0.0,0.0,0.0,1538.6154,154.0,0.0,0,0,0,1,0,0,0.0,0.0,0.0,0.0,0.0,0.0
175,349/3,5.0,0.0,5.0,1.0,1.0,1.0,0.0,25.0,1.0,0.0,4.0,4.0,1.0,1.0,0.0,0.0,0.0,0.0,0.0,0.0,0.0,0.0,0.0,2970.0,1140.0,0.0,0,0,0,1,0,0,0.0,0.0,0.0,0.0,0.0,0.0
176,349/5,5.0,1.0,2.0,0.0,1.0,1.0,0.0,41.0,1.0,0.0,5.0,10.0,1.0,1.0,0.0,0.0,0.0,0.0,0.0,0.0,0.0,0.0,0.0,125.0,0.0,0.0,0,1,0,0,0,0,0.0,0.0,0.0,0.0,0.0,0.0
177,311/2,3.0,1.0,1.0,1.0,0.0,1.0,0.0,27.0,1.0,0.0,4.0,9.0,1.0,1.0,0.0,0.0,0.0,0.0,0.0,0.0,0.0,0.0,0.0,0.0,0.0,0.0,0,0,0,1,0,0,0.0,0.0,0.0,0.0,0.0,0.0
178,311/3,3.0,0.0,2.0,0.0,0.0,1.0,0.0,27.0,1.0,0.0,2.0,6.0,1.0,1.0,0.0,0.0,0.0,0.0,0.0,0.0,0.0,0.0,0.0,2875.0,0.0,0.0,0,0,0,1,0,0,0.0,0.0,0.0,0.0,0.0,0.0
179,349/6,6.0,0.0,2.0,0.0,0.0,1.0,0.0,40.0,1.0,0.0,3.0,1.0,1.0,1.0,0.0,0.0,0.0,0.0,0.0,0.0,0.0,0.0,0.0,0.0,0.0,0.0,0,0,0,1,0,0,0.0,0.0,0.0,0.0,0.0,0.0
180,349/6,6.0,1.0,1.0,0.0,0.0,1.0,0.0,34.0,1.0,0.0,3.0,1.0,1.0,0.0,0.0,0.0,0.0,0.0,0.0,0.0,0.0,0.0,0.0,150.0,0.0,0.0,0,0,0,1,0,0,0.0,0.0,0.0,0.0,0.0,0.0
181,311/4,4.0,0.0,2.0,1.0,0.0,0.0,0.0,27.0,1.0,0.0,3.0,5.0,1.0,1.0,0.0,0.0,0.0,0.0,0.0,0.0,0.0,0.0,0.0,371.0,0.0,0.0,0,0,0,1,0,0,0.0,0.0,0.0,0.0,0.0,0.0
182,311/4,4.0,0.0,3.0,0.0,0.0,1.0,0.0,30.0,1.0,0.0,4.0,7.0,1.0,1.0,0.0,0.0,0.0,0.0,0.0,0.0,0.0,0.0,0.0,3825.0,250.0,0.0,0,0,0,1,0,0,0.0,0.0,0.0,0.0,0.0,0.0
183,349/4,5.0,1.0,1.0,0.0,1.0,1.0,0.0,45.0,1.0,0.0,3.0,9.0,1.0,1.0,0.0,0.0,0.0,0.0,0.0,0.0,0.0,0.0,0.0,0.0,0.0,0.0,0,0,0,1,0,0,0.0,0.0,0.0,0.0,0.0,0.0
184,311/4,4.0,0.0,3.0,0.0,0.0,1.0,0.0,47.0,1.0,0.0,4.0,9.0,1.0,1.0,0.0,0.0,0.0,0.0,0.0,0.0,0.0,0.0,0.0,2500.0,0.0,0.0,0,0,0,1,0,0,0.0,0.0,0.0,0.0,0.0,0.0
185,402/10,7.0,1.0,1.0,0.0,1.0,0.0,0.0,30.0,0.0,0.0,6.0,0.0,1.0,1.0,0.0,0.0,0.0,0.0,0.0,0.0,0.0,0.0,0.0,875.0,875.0,0.0,0,0,0,1,0,0,0.0,0.0,0.0,0.0,0.0,0.0
186,402/10,7.0,1.0,2.0,1.0,1.0,0.0,0.0,43.0,1.0,0.0,4.0,10.0,1.0,1.0,0.0,0.0,0.0,0.0,0.0,0.0,0.0,0.0,0.0,720.0,300.0,0.0,0,0,0,1,0,0,0.0,0.0,0.0,0.0,0.0,0.0
187,402/2,2.0,1.0,1.0,0.0,0.0,1.0,0.0,44.0,1.0,0.0,4.0,11.0,1.0,0.0,0.0,0.0,0.0,0.0,0.0,0.0,0.0,1.0,0.0,0.0,0.0,0.0,0,0,0,1,0,0,0.0,0.0,0.0,0.0,0.0,0.0
188,402/3,2.0,1.0,2.0,0.0,1.0,0.0,0.0,32.0,1.0,0.0,4.0,7.0,1.0,1.0,0.0,0.0,0.0,0.0,0.0,0.0,0.0,0.0,0.0,700.0,0.0,0.0,0,0,0,1,0,0,0.0,0.0,0.0,0.0,0.0,0.0
189,402/6,5.0,0.0,3.0,1.0,1.0,1.0,0.0,23.0,1.0,1.0,4.0,11.0,0.0,1.0,0.0,0.0,0.0,0.0,0.0,0.0,0.0,0.0,0.0,797.53845,336.0,0.0,0,0,0,1,0,0,0.0,0.0,0.0,0.0,0.0,0.0
190,365/5,4.0,1.0,1.0,0.0,0.0,1.0,0.0,43.0,1.0,0.0,5.0,1.0,1.0,0.0,0.0,0.0,0.0,0.0,0.0,0.0,0.0,0.0,0.0,250.0,250.0,0.0,0,0,0,1,0,0,0.0,0.0,0.0,0.0,0.0,0.0
191,365/5,4.0,1.0,2.0,1.0,0.0,1.0,0.0,35.0,1.0,0.0,6.0,7.0,1.0,1.0,0.0,0.0,0.0,0.0,0.0,0.0,0.0,0.0,0.0,600.0,200.0,0.0,0,0,0,1,0,0,0.0,0.0,0.0,0.0,0.0,0.0
192,365/5,4.0,0.0,3.0,0.0,0.0,1.0,0.0,37.0,1.0,0.0,4.0,8.0,1.0,0.0,0.0,0.0,0.0,0.0,0.0,0.0,0.0,0.0,0.0,750.0,0.0,0.0,0,0,0,1,0,0,0.0,0.0,0.0,0.0,0.0,0.0
193,363/4,5.0,1.0,1.0,0.0,1.0,1.0,0.0,31.0,0.0,0.0,4.0,7.0,1.0,1.0,0.0,0.0,0.0,0.0,0.0,0.0,0.0,0.0,0.0,500.0,500.0,0.0,0,0,0,1,0,0,0.0,0.0,0.0,0.0,0.0,0.0
194,363/4,5.0,0.0,2.0,0.0,1.0,1.0,0.0,43.0,1.0,0.0,3.0,8.0,1.0,1.0,0.0,0.0,0.0,0.0,0.0,0.0,0.0,0.0,0.0,1200.0,200.0,0.0,0,0,0,1,0,0,0.0,0.0,0.0,0.0,0.0,0.0
195,363/4,5.0,0.0,2.0,1.0,1.0,1.0,0.0,24.0,1.0,0.0,6.0,10.0,1.0,1.0,0.0,0.0,0.0,0.0,0.0,0.0,0.0,0.0,0.0,3000.0,0.0,0.0,0,0,0,1,0,0,0.0,0.0,0.0,0.0,0.0,0.0
196,363/4,5.0,0.0,2.0,1.0,1.0,1.0,0.0,20.0,1.0,0.0,3.0,1.0,0.0,1.0,0.0,0.0,0.0,0.0,0.0,0.0,0.0,0.0,0.0,15000.0,0.0,0.0,0,0,0,1,0,0,0.0,0.0,0.0,0.0,0.0,0.0
197,363/3,3.0,0.0,2.0,0.0,1.0,1.0,0.0,41.0,1.0,0.0,4.0,1.0,1.0,0.0,0.0,0.0,0.0,0.0,0.0,0.0,0.0,0.0,0.0,2275.0,525.0,0.0,0,0,0,1,0,0,0.0,0.0,0.0,0.0,0.0,0.0
198,363/5,5.0,1.0,1.0,1.0,0.0,1.0,0.0,31.0,1.0,0.0,4.0,1.0,1.0,1.0,0.0,0.0,0.0,0.0,0.0,0.0,0.0,0.0,0.0,322.0,322.0,0.0,0,0,0,1,0,0,0.0,0.0,0.0,0.0,0.0,0.0
199,363/4,5.0,0.0,2.0,0.0,1.0,1.0,0.0,41.0,1.0,0.0,3.0,0.0,1.0,1.0,0.0,0.0,0.0,0.0,0.0,0.0,0.0,0.0,0.0,980.3077,288.0,0.0,0,0,0,1,0,0,0.0,0.0,0.0,0.0,0.0,0.0
200,368/3,4.0,0.0,2.0,1.0,1.0,1.0,0.0,35.0,1.0,0.0,4.0,10.0,1.0,1.0,0.0,0.0,0.0,0.0,0.0,0.0,0.0,0.0,0.0,2800.0,800.0,0.0,0,0,0,1,0,0,0.0,0.0,0.0,0.0,0.0,0.0
201,368/3,4.0,0.0,3.0,0.0,1.0,1.0,0.0,35.0,1.0,0.0,3.0,11.0,1.0,1.0,0.0,0.0,0.0,0.0,0.0,0.0,0.0,0.0,0.0,3500.0,0.0,0.0,0,0,0,1,0,0,0.0,0.0,0.0,0.0,0.0,0.0
202,548/2,6.0,0.0,2.0,0.0,0.0,1.0,0.0,36.0,1.0,0.0,3.0,11.0,1.0,1.0,0.0,0.0,0.0,0.0,0.0,0.0,0.0,0.0,0.0,2500.0,0.0,0.0,0,0,1,0,0,0,0.0,0.0,0.0,0.0,0.0,0.0
203,548,6.0,1.0,1.0,0.0,1.0,1.0,0.0,36.0,1.0,0.0,4.0,8.0,1.0,1.0,0.0,0.0,0.0,0.0,0.0,0.0,0.0,0.0,0.0,400.0,250.0,0.0,0,0,1,0,0,0,0.0,0.0,0.0,0.0,0.0,0.0
204,548/2,6.0,0.0,2.0,0.0,0.0,1.0,0.0,33.0,1.0,0.0,4.0,9.0,1.0,1.0,0.0,0.0,0.0,0.0,0.0,0.0,0.0,0.0,0.0,1560.0,0.0,0.0,0,0,1,0,0,0,0.0,0.0,0.0,0.0,0.0,0.0
205,548,6.0,0.0,2.0,1.0,1.0,1.0,0.0,30.0,1.0,0.0,4.0,9.0,1.0,1.0,0.0,0.0,0.0,0.0,0.0,0.0,0.0,0.0,0.0,1425.0,300.0,0.0,0,0,1,0,0,0,0.0,0.0,0.0,0.0,0.0,0.0
206,548/2,6.0,0.0,2.0,0.0,0.0,1.0,0.0,39.0,1.0,0.0,3.0,10.0,1.0,0.0,0.0,0.0,0.0,0.0,0.0,0.0,0.0,0.0,0.0,973.0,150.0,0.0,0,0,1,0,0,0,0.0,0.0,0.0,0.0,0.0,0.0
207,548/2,6.0,0.0,3.0,0.0,0.0,1.0,0.0,36.0,1.0,0.0,3.0,10.0,1.0,1.0,0.0,0.0,0.0,0.0,0.0,0.0,0.0,0.0,0.0,2625.0,160.0,0.0,0,0,1,0,0,0,0.0,0.0,0.0,0.0,0.0,0.0
208,517,3.0,1.0,2.0,0.0,0.0,1.0,0.0,42.0,1.0,0.0,5.0,0.0,1.0,1.0,0.0,0.0,0.0,0.0,0.0,0.0,0.0,0.0,0.0,240.0,0.0,0.0,0,0,0,1,0,0,0.0,0.0,0.0,0.0,0.0,0.0
209,517,3.0,1.0,1.0,0.0,0.0,1.0,0.0,36.0,1.0,0.0,4.0,6.0,1.0,1.0,0.0,0.0,0.0,0.0,0.0,0.0,0.0,0.0,0.0,75.0,75.0,0.0,0,0,0,1,0,0,0.0,0.0,0.0,0.0,0.0,0.0
210,517/3,3.0,1.0,1.0,0.0,1.0,0.0,0.0,46.0,1.0,0.0,4.0,9.0,1.0,1.0,0.0,0.0,0.0,0.0,0.0,0.0,0.0,0.0,0.0,0.0,0.0,0.0,0,0,0,1,0,0,0.0,0.0,0.0,0.0,0.0,0.0
211,517/2,3.0,1.0,1.0,0.0,1.0,0.0,0.0,35.0,1.0,0.0,4.0,6.0,1.0,1.0,0.0,0.0,0.0,0.0,0.0,0.0,0.0,0.0,0.0,540.0,40.0,0.0,0,0,0,1,0,0,0.0,0.0,0.0,0.0,0.0,0.0
212,517/3,3.0,1.0,2.0,1.0,1.0,0.0,0.0,38.0,1.0,0.0,4.0,10.0,1.0,1.0,0.0,0.0,0.0,0.0,0.0,0.0,0.0,0.0,0.0,0.0,0.0,0.0,0,0,0,1,0,0,0.0,0.0,0.0,0.0,0.0,0.0
213,517/3,3.0,1.0,1.0,0.0,1.0,1.0,0.0,35.0,1.0,0.0,4.0,9.0,1.0,1.0,0.0,0.0,0.0,0.0,0.0,0.0,0.0,0.0,0.0,625.0,625.0,0.0,0,0,0,1,0,0,0.0,0.0,0.0,0.0,0.0,0.0
214,555,6.0,1.0,1.0,0.0,1.0,1.0,0.0,37.0,1.0,0.0,4.0,10.0,1.0,1.0,0.0,0.0,0.0,0.0,0.0,0.0,0.0,0.0,0.0,10000.0,10000.0,0.0,0,0,1,0,0,0,0.0,0.0,0.0,0.0,0.0,0.0
215,554/2,6.0,1.0,1.0,1.0,0.0,1.0,0.0,39.0,1.0,0.0,3.0,0.0,1.0,1.0,0.0,0.0,0.0,0.0,0.0,0.0,0.0,0.0,0.0,700.0,700.0,0.0,0,0,0,1,0,0,0.0,0.0,0.0,0.0,0.0,0.0
216,554,6.0,0.0,3.0,0.0,0.0,1.0,0.0,29.0,1.0,0.0,4.0,2.0,1.0,0.0,0.0,0.0,0.0,0.0,0.0,0.0,0.0,0.0,0.0,1275.0,400.0,0.0,0,0,0,1,0,0,0.0,0.0,0.0,0.0,0.0,0.0
217,554,6.0,1.0,1.0,1.0,0.0,1.0,0.0,29.0,1.0,0.0,5.0,15.0,1.0,1.0,0.0,0.0,0.0,0.0,0.0,0.0,0.0,0.0,0.0,0.0,0.0,0.0,0,0,0,1,0,0,0.0,0.0,0.0,0.0,0.0,0.0
218,554/2,6.0,1.0,1.0,1.0,0.0,1.0,0.0,31.0,1.0,0.0,9.0,10.0,1.0,1.0,0.0,0.0,0.0,0.0,0.0,0.0,0.0,0.0,0.0,0.0,0.0,0.0,0,0,0,1,0,0,0.0,0.0,0.0,0.0,0.0,0.0
219,554/2,6.0,0.0,2.0,0.0,0.0,1.0,0.0,29.0,1.0,0.0,3.0,8.0,1.0,0.0,0.0,0.0,0.0,0.0,0.0,0.0,0.0,0.0,0.0,1923.0769,0.0,0.0,0,0,0,1,0,0,0.0,0.0,0.0,0.0,0.0,0.0
220,554,6.0,1.0,1.0,0.0,0.0,1.0,0.0,40.0,1.0,0.0,3.0,0.0,1.0,1.0,0.0,0.0,0.0,0.0,0.0,0.0,0.0,0.0,0.0,700.0,700.0,0.0,0,0,0,1,0,0,0.0,0.0,0.0,0.0,0.0,0.0
221,522,3.0,0.0,3.0,0.0,0.0,1.0,0.0,33.0,1.0,0.0,3.0,12.0,1.0,1.0,0.0,0.0,0.0,0.0,0.0,0.0,0.0,0.0,0.0,3150.0,0.0,0.0,0,0,0,1,0,0,0.0,0.0,0.0,0.0,0.0,0.0
222,522/3,3.0,1.0,1.0,0.0,0.0,1.0,0.0,30.0,0.0,0.0,1.0,6.0,1.0,0.0,0.0,0.0,0.0,0.0,0.0,0.0,0.0,0.0,0.0,800.0,800.0,0.0,0,0,0,1,0,0,0.0,0.0,0.0,0.0,0.0,0.0
223,522/2,3.0,1.0,1.0,0.0,1.0,1.0,0.0,40.0,0.0,0.0,4.0,11.0,1.0,1.0,0.0,0.0,0.0,0.0,0.0,0.0,0.0,0.0,0.0,0.0,0.0,0.0,0,0,0,1,0,0,0.0,0.0,0.0,0.0,0.0,0.0
224,522/2,3.0,1.0,1.0,1.0,1.0,1.0,0.0,30.0,1.0,0.0,3.0,8.0,1.0,1.0,0.0,0.0,0.0,0.0,0.0,0.0,0.0,0.0,0.0,3500.0,3500.0,0.0,0,0,0,1,0,0,0.0,0.0,0.0,0.0,0.0,0.0
225,522,3.0,1.0,1.0,0.0,0.0,1.0,0.0,33.0,1.0,0.0,3.0,9.0,1.0,1.0,0.0,0.0,0.0,0.0,0.0,0.0,0.0,0.0,0.0,375.0,375.0,0.0,0,0,1,0,0,0,0.0,0.0,0.0,0.0,0.0,0.0
226,522/3,3.0,1.0,2.0,1.0,0.0,1.0,0.0,36.0,1.0,0.0,5.0,1.0,1.0,0.0,0.0,0.0,0.0,0.0,0.0,0.0,0.0,0.0,0.0,530.0,250.0,0.0,0,0,1,0,0,0,0.0,0.0,0.0,0.0,0.0,0.0
227,522,3.0,0.0,2.0,0.0,0.0,1.0,0.0,32.0,1.0,0.0,4.0,6.0,1.0,1.0,0.0,0.0,0.0,0.0,0.0,0.0,0.0,0.0,0.0,300.0,0.0,0.0,0,0,0,1,0,0,0.0,0.0,0.0,0.0,0.0,0.0
228,404/2,1.0,1.0,1.0,0.0,0.0,1.0,0.0,51.0,0.0,0.0,1.0,8.0,1.0,1.0,0.0,0.0,0.0,0.0,0.0,0.0,0.0,0.0,0.0,500.0,500.0,0.0,0,0,0,1,0,0,0.0,0.0,0.0,0.0,0.0,0.0
229,404/2,1.0,0.0,2.0,0.0,0.0,1.0,0.0,48.0,1.0,0.0,3.0,9.0,1.0,0.0,0.0,0.0,0.0,0.0,0.0,0.0,0.0,0.0,0.0,250.0,0.0,0.0,0,0,0,1,0,0,0.0,0.0,0.0,0.0,0.0,0.0
230,404/2,1.0,0.0,3.0,1.0,0.0,1.0,0.0,25.0,1.0,0.0,3.0,10.0,1.0,1.0,0.0,0.0,0.0,0.0,0.0,0.0,0.0,0.0,0.0,2000.0,0.0,0.0,0,0,0,1,0,0,0.0,0.0,0.0,0.0,0.0,0.0
231,404/2,1.0,0.0,4.0,0.0,0.0,1.0,0.0,41.0,1.0,0.0,3.0,9.0,1.0,1.0,0.0,0.0,0.0,0.0,0.0,0.0,0.0,0.0,0.0,1524.0,0.0,0.0,0,0,0,1,0,0,0.0,0.0,0.0,0.0,0.0,0.0
232,163/3,3.0,0.0,3.0,0.0,1.0,1.0,0.0,28.0,1.0,0.0,3.0,8.0,0.0,1.0,0.0,0.0,0.0,0.0,0.0,0.0,0.0,0.0,0.0,400.0,0.0,0.0,0,0,0,1,0,0,0.0,0.0,0.0,0.0,0.0,0.0
233,163/3,3.0,0.0,2.0,0.0,1.0,1.0,0.0,41.0,1.0,0.0,3.0,0.0,0.0,1.0,0.0,0.0,0.0,0.0,0.0,0.0,0.0,0.0,0.0,8220.0,720.0,0.0,0,0,0,1,0,0,0.0,0.0,0.0,0.0,0.0,0.0
234,163/3,3.0,0.0,2.0,1.0,1.0,1.0,0.0,25.0,1.0,0.0,3.0,11.0,0.0,1.0,0.0,0.0,0.0,0.0,0.0,0.0,0.0,0.0,0.0,10000.0,0.0,0.0,0,0,0,1,0,0,0.0,0.0,0.0,0.0,0.0,0.0
235,163/3,3.0,0.0,3.0,1.0,1.0,1.0,0.0,24.0,1.0,0.0,5.0,9.0,0.0,1.0,0.0,0.0,0.0,0.0,0.0,0.0,0.0,0.0,0.0,1520.0,750.0,0.0,0,0,0,1,0,0,0.0,0.0,0.0,0.0,0.0,0.0
236,121/2,3.0,0.0,2.0,1.0,1.0,1.0,0.0,46.0,1.0,0.0,5.0,0.0,1.0,1.0,0.0,0.0,0.0,0.0,0.0,0.0,0.0,0.0,0.0,2340.0,840.0,0.0,0,0,0,1,0,0,0.0,0.0,0.0,0.0,0.0,0.0
237,573,7.0,0.0,2.0,0.0,0.0,1.0,0.0,52.0,1.0,0.0,4.0,10.0,0.0,1.0,0.0,0.0,0.0,0.0,0.0,0.0,0.0,0.0,0.0,1400.0,0.0,0.0,0,0,0,1,0,0,0.0,0.0,0.0,0.0,0.0,0.0
238,573/2,7.0,0.0,3.0,1.0,1.0,1.0,0.0,30.0,1.0,0.0,4.0,8.0,0.0,1.0,0.0,0.0,0.0,0.0,0.0,0.0,0.0,0.0,0.0,2300.0,0.0,0.0,0,0,0,1,0,0,0.0,0.0,0.0,0.0,0.0,0.0
239,121/3,5.0,0.0,2.0,1.0,0.0,1.0,0.0,30.0,1.0,0.0,5.0,5.0,1.0,1.0,0.0,0.0,0.0,0.0,0.0,0.0,0.0,0.0,0.0,2080.0,580.0,0.0,0,0,0,1,0,0,0.0,0.0,0.0,0.0,0.0,0.0
240,121/4,7.0,0.0,2.0,1.0,0.0,1.0,0.0,24.0,1.0,0.0,4.0,6.0,1.0,0.0,0.0,0.0,0.0,0.0,0.0,0.0,0.0,0.0,0.0,2298.077,375.0,0.0,0,0,0,1,0,0,0.0,0.0,0.0,0.0,0.0,0.0
241,121/3,5.0,0.0,2.0,0.0,0.0,0.0,0.0,34.0,1.0,0.0,4.0,4.0,1.0,1.0,0.0,0.0,0.0,0.0,0.0,0.0,0.0,0.0,0.0,4550.0,800.0,0.0,0,0,0,1,0,0,0.0,0.0,0.0,0.0,0.0,0.0
242,121/3,5.0,0.0,2.0,1.0,0.0,1.0,0.0,40.0,0.0,0.0,7.0,8.0,1.0,1.0,0.0,0.0,0.0,0.0,0.0,0.0,0.0,0.0,0.0,5900.0,400.0,0.0,0,0,0,1,0,0,0.0,0.0,0.0,0.0,0.0,0.0
243,121/3,5.0,0.0,2.0,0.0,0.0,0.0,0.0,40.0,1.0,0.0,3.0,5.0,0.0,1.0,0.0,0.0,0.0,0.0,0.0,0.0,0.0,0.0,0.0,1450.0,450.0,0.0,0,0,0,1,0,0,0.0,0.0,0.0,0.0,0.0,0.0
244,121/4,7.0,1.0,1.0,0.0,0.0,1.0,0.0,42.0,1.0,0.0,4.0,12.0,1.0,1.0,0.0,0.0,0.0,0.0,0.0,0.0,0.0,0.0,0.0,250.0,250.0,0.0,0,0,0,1,0,0,0.0,0.0,0.0,0.0,0.0,0.0
245,121/4,7.0,1.0,2.0,0.0,0.0,1.0,0.0,40.0,1.0,0.0,3.0,7.0,0.0,1.0,0.0,0.0,0.0,0.0,0.0,0.0,0.0,0.0,0.0,1120.0,800.0,0.0,0,0,0,1,0,0,0.0,0.0,0.0,0.0,0.0,0.0
246,121/3,5.0,0.0,2.0,1.0,0.0,0.0,0.0,30.0,1.0,0.0,4.0,9.0,1.0,1.0,0.0,0.0,0.0,0.0,0.0,0.0,0.0,0.0,0.0,2300.0,1800.0,0.0,0,0,0,1,0,0,0.0,0.0,0.0,0.0,0.0,0.0
247,497/2,2.0,1.0,1.0,0.0,1.0,1.0,0.0,36.0,1.0,0.0,4.0,12.0,1.0,1.0,0.0,0.0,0.0,0.0,0.0,0.0,0.0,0.0,0.0,300.0,300.0,0.0,0,0,0,1,0,0,0.0,0.0,0.0,0.0,0.0,0.0
248,497/3,4.0,0.0,2.0,0.0,1.0,1.0,0.0,29.0,0.0,0.0,4.0,12.0,1.0,1.0,0.0,0.0,0.0,0.0,0.0,0.0,0.0,0.0,0.0,1000.0,0.0,0.0,0,0,0,1,0,0,0.0,0.0,0.0,0.0,0.0,0.0
249,497/2,2.0,1.0,1.0,0.0,1.0,0.0,0.0,24.0,1.0,0.0,3.0,15.0,1.0,1.0,0.0,0.0,0.0,0.0,0.0,0.0,0.0,0.0,0.0,200.0,200.0,0.0,1,0,0,0,0,0,0.0,0.0,0.0,0.0,0.0,0.0
250,111/3,7.0,1.0,1.0,0.0,1.0,1.0,0.0,45.0,1.0,0.0,3.0,7.0,1.0,1.0,0.0,0.0,0.0,0.0,0.0,0.0,0.0,0.0,0.0,250.0,250.0,0.0,0,0,0,1,0,0,0.0,0.0,0.0,0.0,0.0,0.0
251,111/2,7.0,0.0,2.0,0.0,1.0,1.0,0.0,43.0,1.0,0.0,4.0,4.0,1.0,0.0,0.0,0.0,0.0,0.0,0.0,0.0,0.0,1.0,0.0,375.0,375.0,0.0,1,0,0,0,0,0,0.0,0.0,0.0,0.0,0.0,0.0
252,111/2,7.0,1.0,2.0,0.0,1.0,0.0,0.0,34.0,1.0,0.0,4.0,8.0,1.0,0.0,0.0,0.0,0.0,0.0,0.0,0.0,0.0,0.0,0.0,425.0,375.0,0.0,0,0,0,1,0,0,0.0,0.0,0.0,0.0,0.0,0.0
253,111/3,7.0,1.0,2.0,0.0,1.0,0.0,0.0,37.0,1.0,0.0,3.0,10.0,1.0,1.0,0.0,0.0,0.0,0.0,0.0,0.0,0.0,0.0,0.0,675.0,675.0,0.0,0,0,0,1,0,0,0.0,0.0,0.0,0.0,0.0,0.0
254,439,4.0,1.0,1.0,0.0,1.0,1.0,0.0,31.0,1.0,0.0,4.0,7.0,1.0,1.0,0.0,0.0,0.0,0.0,0.0,0.0,0.0,0.0,0.0,0.0,0.0,0.0,0,0,0,1,0,0,0.0,0.0,0.0,0.0,0.0,0.0
255,439,4.0,0.0,2.0,1.0,1.0,1.0,0.0,25.0,1.0,0.0,4.0,9.0,0.0,1.0,0.0,0.0,0.0,0.0,0.0,0.0,0.0,0.0,0.0,3500.0,0.0,0.0,0,0,0,1,0,0,0.0,0.0,0.0,0.0,0.0,0.0
256,439,4.0,0.0,2.0,0.0,1.0,1.0,0.0,51.0,1.0,0.0,4.0,6.0,1.0,1.0,0.0,0.0,0.0,0.0,0.0,0.0,0.0,0.0,0.0,2500.0,1000.0,0.0,0,0,0,1,0,0,0.0,0.0,0.0,0.0,0.0,0.0
257,163/2,3.0,0.0,3.0,0.0,0.0,1.0,0.0,30.0,1.0,0.0,4.0,11.0,1.0,1.0,0.0,0.0,0.0,0.0,0.0,0.0,0.0,0.0,0.0,1200.0,0.0,0.0,0,0,1,0,0,0,0.0,0.0,0.0,0.0,0.0,0.0
258,368/3,4.0,1.0,1.0,0.0,1.0,1.0,0.0,33.0,1.0,0.0,3.0,7.0,1.0,0.0,0.0,0.0,0.0,0.0,0.0,0.0,0.0,0.0,0.0,8000.0,8000.0,0.0,0,0,0,1,0,0,0.0,0.0,0.0,0.0,0.0,0.0
259,Mandira,1.0,1.0,1.0,1.0,1.0,1.0,0.0,27.0,1.0,0.0,3.0,9.0,1.0,1.0,0.0,0.0,0.0,0.0,0.0,0.0,0.0,1.0,0.0,600.0,0.0,0.0,0,0,0,1,0,0,0.0,0.0,0.0,0.0,0.0,0.0
260,Supti,2.0,0.0,1.0,1.0,0.0,1.0,0.0,24.0,1.0,0.0,6.0,7.0,1.0,1.0,0.0,0.0,0.0,0.0,0.0,0.0,0.0,0.0,0.0,100.0,0.0,0.0,0,0,0,1,0,0,0.0,0.0,0.0,0.0,0.0,0.0
261,494,1.0,0.0,3.0,1.0,0.0,1.0,0.0,35.0,1.0,0.0,4.0,8.0,1.0,1.0,0.0,0.0,0.0,0.0,0.0,0.0,0.0,0.0,0.0,1850.0,350.0,0.0,0,0,0,1,0,0,0.0,0.0,0.0,0.0,0.0,0.0
262,494,1.0,0.0,2.0,0.0,0.0,0.0,0.0,38.0,1.0,0.0,4.0,8.0,1.0,1.0,0.0,0.0,0.0,0.0,0.0,0.0,0.0,0.0,0.0,525.0,0.0,0.0,0,0,0,1,0,0,0.0,0.0,0.0,0.0,0.0,0.0
263,491,1.0,0.0,3.0,1.0,0.0,0.0,0.0,30.0,1.0,0.0,5.0,12.0,1.0,1.0,0.0,0.0,0.0,0.0,0.0,0.0,0.0,0.0,0.0,3750.0,750.0,0.0,0,0,0,1,0,0,0.0,0.0,0.0,0.0,0.0,0.0
264,491,1.0,1.0,2.0,1.0,0.0,1.0,0.0,23.0,1.0,0.0,6.0,11.0,1.0,1.0,0.0,0.0,0.0,0.0,0.0,0.0,0.0,0.0,0.0,1125.0,525.0,0.0,0,0,0,1,0,0,0.0,0.0,0.0,0.0,0.0,0.0
265,491,1.0,0.0,2.0,0.0,0.0,1.0,0.0,25.0,1.0,0.0,3.0,8.0,1.0,1.0,0.0,0.0,0.0,0.0,0.0,0.0,0.0,0.0,0.0,0.0,0.0,0.0,0,1,0,0,0,0,0.0,0.0,0.0,0.0,0.0,0.0
266,524/2,5.0,0.0,2.0,0.0,0.0,1.0,0.0,36.0,1.0,0.0,8.0,0.0,1.0,1.0,0.0,0.0,0.0,0.0,0.0,0.0,0.0,1.0,0.0,2800.0,0.0,0.0,0,0,0,1,0,0,0.0,0.0,0.0,0.0,0.0,0.0
267,524/2,5.0,1.0,1.0,0.0,0.0,1.0,0.0,33.0,1.0,0.0,3.0,8.0,1.0,1.0,0.0,0.0,0.0,0.0,0.0,0.0,0.0,1.0,0.0,600.0,600.0,0.0,0,0,0,1,0,0,0.0,0.0,0.0,0.0,0.0,0.0
268,416,1.0,0.0,3.0,0.0,0.0,1.0,0.0,41.0,1.0,0.0,4.0,0.0,0.0,1.0,0.0,0.0,0.0,0.0,0.0,0.0,0.0,0.0,0.0,1700.0,0.0,0.0,0,0,0,1,0,0,0.0,0.0,0.0,0.0,0.0,0.0
269,416,1.0,0.0,2.0,0.0,0.0,1.0,0.0,38.0,1.0,0.0,5.0,6.0,1.0,1.0,0.0,0.0,0.0,0.0,0.0,0.0,0.0,0.0,0.0,1515.0,315.0,0.0,0,0,0,1,0,0,0.0,0.0,0.0,0.0,0.0,0.0
270,497/3,4.0,1.0,2.0,0.0,1.0,0.0,0.0,42.0,1.0,0.0,3.0,12.0,1.0,1.0,0.0,0.0,0.0,0.0,0.0,0.0,0.0,0.0,0.0,500.0,0.0,0.0,0,0,0,1,0,0,0.0,0.0,0.0,0.0,0.0,0.0
271,Biswas,7.0,1.0,1.0,1.0,1.0,0.0,0.0,32.0,0.0,0.0,9.0,10.0,1.0,1.0,0.0,0.0,0.0,0.0,0.0,0.0,0.0,0.0,0.0,300.0,300.0,0.0,0,0,0,1,0,0,0.0,0.0,0.0,0.0,0.0,0.0
272,Biswas,7.0,1.0,2.0,0.0,1.0,0.0,0.0,51.0,0.0,0.0,1.0,10.0,1.0,1.0,0.0,0.0,0.0,0.0,0.0,0.0,0.0,0.0,0.0,562.5,562.5,0.0,0,0,0,1,0,0,0.0,0.0,0.0,0.0,0.0,0.0
273,Biswas,7.0,1.0,1.0,0.0,1.0,0.0,0.0,46.0,1.0,0.0,3.0,10.0,1.0,1.0,0.0,0.0,0.0,0.0,0.0,0.0,0.0,0.0,0.0,1001.0,350.0,0.0,0,0,0,1,0,0,0.0,0.0,0.0,0.0,0.0,0.0
274,Biswas,7.0,1.0,1.0,0.0,1.0,0.0,0.0,49.0,1.0,0.0,2.0,10.0,1.0,0.0,0.0,0.0,0.0,0.0,0.0,0.0,0.0,0.0,0.0,550.0,300.0,0.0,0,0,0,1,0,0,0.0,0.0,0.0,0.0,0.0,0.0
275,Choton,7.0,1.0,1.0,0.0,0.0,1.0,0.0,49.0,1.0,0.0,3.0,9.0,0.0,0.0,0.0,0.0,0.0,0.0,0.0,0.0,0.0,0.0,0.0,0.0,0.0,0.0,0,0,1,0,0,0,0.0,0.0,0.0,0.0,0.0,0.0
276,Choton,7.0,1.0,1.0,0.0,0.0,1.0,0.0,36.0,1.0,0.0,5.0,9.0,0.0,1.0,0.0,0.0,0.0,0.0,0.0,0.0,0.0,0.0,0.0,400.0,400.0,0.0,0,0,0,1,0,0,0.0,0.0,0.0,0.0,0.0,0.0
277,Lily,9.0,1.0,1.0,0.0,0.0,0.0,0.0,43.0,1.0,0.0,2.0,4.0,1.0,1.0,0.0,0.0,0.0,0.0,0.0,0.0,0.0,0.0,0.0,0.0,0.0,0.0,0,0,0,1,0,0,0.0,0.0,0.0,0.0,0.0,0.0
278,Lily,9.0,0.0,2.0,0.0,0.0,0.0,0.0,41.0,1.0,0.0,4.0,5.0,1.0,0.0,0.0,0.0,0.0,0.0,0.0,0.0,0.0,0.0,0.0,1375.0,625.0,0.0,0,0,0,1,0,0,0.0,0.0,0.0,0.0,0.0,0.0
279,Lily,9.0,0.0,1.0,0.0,0.0,1.0,0.0,32.0,1.0,0.0,4.0,5.0,1.0,0.0,0.0,0.0,0.0,0.0,0.0,0.0,0.0,0.0,0.0,2050.0,50.0,0.0,0,0,0,1,0,0,0.0,0.0,0.0,0.0,0.0,0.0
280,Lily,9.0,1.0,1.0,1.0,0.0,1.0,0.0,40.0,1.0,0.0,11.0,8.0,1.0,1.0,0.0,0.0,0.0,0.0,0.0,0.0,0.0,0.0,0.0,0.0,0.0,0.0,0,0,0,1,0,0,0.0,0.0,0.0,0.0,0.0,0.0
281,Mou,8.0,1.0,1.0,0.0,1.0,0.0,0.0,48.0,1.0,0.0,4.0,10.0,1.0,1.0,0.0,0.0,0.0,0.0,0.0,0.0,0.0,0.0,0.0,0.0,0.0,0.0,0,0,0,1,0,0,0.0,0.0,0.0,0.0,0.0,0.0
282,Rita,8.0,0.0,3.0,0.0,0.0,0.0,0.0,27.0,1.0,0.0,3.0,9.0,1.0,0.0,0.0,0.0,0.0,0.0,0.0,0.0,0.0,0.0,0.0,2750.0,1000.0,0.0,0,0,0,1,0,0,0.0,0.0,0.0,0.0,0.0,0.0
283,Rita,8.0,0.0,2.0,0.0,0.0,0.0,0.0,42.0,1.0,0.0,4.0,0.0,1.0,0.0,0.0,0.0,0.0,0.0,0.0,0.0,0.0,0.0,0.0,1050.0,300.0,0.0,0,0,0,1,0,0,0.0,0.0,0.0,0.0,0.0,0.0
284,Rita,8.0,0.0,2.0,0.0,0.0,0.0,0.0,50.0,1.0,0.0,4.0,8.0,1.0,1.0,0.0,0.0,0.0,0.0,0.0,0.0,0.0,0.0,0.0,2560.0,0.0,0.0,0,0,0,1,0,0,0.0,0.0,0.0,0.0,0.0,0.0
285,Tista,7.0,1.0,1.0,0.0,1.0,0.76585364,1.0,28.0,1.0,0.0,3.0,12.0,1.0,1.0,0.0,0.0,0.0,0.0,0.0,0.0,0.0,0.0,1.0,330.0,0.0,0.0,0,0,0,0,1,0,0.0,0.0,0.0,0.0,0.0,0.0
286,Tista,7.0,1.0,1.0,0.0,1.0,0.76585364,1.0,40.0,1.0,0.0,4.0,12.0,1.0,1.0,0.0,0.0,0.0,0.0,0.0,0.0,0.0,0.0,1.0,100.0,100.0,0.0,0,0,0,0,1,0,0.0,0.0,0.0,0.0,0.0,0.0
287,80,8.0,1.0,1.0,0.0,1.0,1.0,0.0,47.0,1.0,0.0,2.0,10.0,0.0,1.0,0.0,0.0,0.0,0.0,0.0,0.0,0.0,0.0,0.0,150.0,0.0,0.0,0,0,0,1,0,0,0.0,0.0,0.0,0.0,0.0,0.0
288,80,8.0,1.0,1.0,1.0,1.0,1.0,0.0,25.0,1.0,0.0,3.0,8.0,0.0,1.0,0.0,0.0,0.0,0.0,0.0,0.0,0.0,0.0,0.0,2000.0,2000.0,0.0,0,0,0,1,0,0,0.0,0.0,0.0,0.0,0.0,0.0
289,80,8.0,1.0,1.0,0.0,1.0,1.0,0.0,33.0,1.0,0.0,4.0,7.0,0.0,1.0,0.0,0.0,0.0,0.0,0.0,0.0,0.0,0.0,0.0,3000.0,3000.0,0.0,0,0,0,1,0,0,0.0,0.0,0.0,0.0,0.0,0.0
290,80,8.0,1.0,3.0,0.0,1.0,1.0,0.0,30.0,1.0,0.0,5.0,6.0,0.0,1.0,0.0,0.0,0.0,0.0,0.0,0.0,0.0,0.0,0.0,220.0,0.0,0.0,0,0,0,1,0,0,0.0,0.0,0.0,0.0,0.0,0.0
291,140,7.0,0.0,3.0,1.0,1.0,1.0,0.0,23.0,1.0,0.0,3.0,9.0,1.0,1.0,0.0,0.0,0.0,0.0,0.0,0.0,0.0,0.0,0.0,3136.0,336.0,0.0,0,0,0,1,0,0,0.0,0.0,0.0,0.0,0.0,0.0
292,140,7.0,1.0,1.0,0.0,1.0,1.0,0.0,49.0,1.0,0.0,5.0,12.0,1.0,0.0,0.0,0.0,0.0,0.0,0.0,0.0,0.0,0.0,0.0,0.0,0.0,0.0,0,0,0,1,0,0,0.0,0.0,0.0,0.0,0.0,0.0
293,141,7.0,1.0,2.0,0.0,0.0,1.0,0.0,41.0,1.0,0.0,5.0,11.0,1.0,1.0,0.0,0.0,0.0,0.0,0.0,0.0,0.0,0.0,0.0,0.0,10000.0,0.0,0,0,0,1,0,0,0.0,0.0,0.0,0.0,0.0,0.0
294,141,7.0,0.0,2.0,0.0,0.0,1.0,0.0,32.0,1.0,0.0,5.0,7.0,1.0,1.0,0.0,0.0,0.0,0.0,0.0,0.0,0.0,0.0,0.0,2500.0,0.0,0.0,0,0,0,1,0,0,0.0,0.0,0.0,0.0,0.0,0.0
295,141,7.0,1.0,1.0,0.0,0.0,1.0,0.0,32.0,1.0,0.0,6.0,10.0,1.0,1.0,0.0,0.0,0.0,0.0,0.0,0.0,0.0,0.0,0.0,1300.0,1300.0,0.0,0,0,0,1,0,0,0.0,0.0,0.0,0.0,0.0,0.0
296,178,8.0,1.0,1.0,1.0,0.0,1.0,0.0,46.0,1.0,0.0,5.0,3.0,1.0,1.0,0.0,0.0,0.0,0.0,0.0,0.0,0.0,0.0,0.0,0.0,0.0,0.0,0,0,0,1,0,0,0.0,0.0,0.0,0.0,0.0,0.0
297,178,8.0,0.0,2.0,1.0,0.0,1.0,0.0,24.0,1.0,0.0,7.0,10.0,1.0,1.0,0.0,0.0,0.0,0.0,0.0,0.0,0.0,0.0,0.0,0.0,0.0,0.0,0,0,0,1,0,0,0.0,0.0,0.0,0.0,0.0,0.0
298,201,8.0,0.0,2.0,1.0,1.0,1.0,0.0,25.0,1.0,0.0,4.0,3.0,1.0,1.0,0.0,0.0,0.0,0.0,0.0,0.0,0.0,0.0,0.0,3375.0,1125.0,0.0,0,0,0,1,0,0,0.0,0.0,0.0,0.0,0.0,0.0
299,293,9.0,1.0,2.0,0.0,0.0,0.0,0.0,33.0,1.0,0.0,4.0,5.0,1.0,1.0,0.0,0.0,0.0,0.0,0.0,0.0,0.0,0.0,0.0,660.0,450.0,0.0,0,0,0,0,0,1,0.0,0.0,0.0,0.0,0.0,0.0
300,292,9.0,0.0,2.0,0.0,0.0,0.0,0.0,41.0,1.0,0.0,4.0,0.0,1.0,0.0,0.0,0.0,0.0,0.0,0.0,0.0,0.0,0.0,0.0,1480.0,430.0,0.0,0,0,0,1,0,0,0.0,0.0,0.0,0.0,0.0,0.0
301,291,9.0,1.0,1.0,1.0,1.0,1.0,0.0,41.0,1.0,0.0,6.0,8.0,1.0,1.0,0.0,0.0,0.0,0.0,0.0,0.0,0.0,0.0,0.0,500.0,500.0,0.0,0,0,0,1,0,0,0.0,0.0,0.0,0.0,0.0,0.0
302,291,9.0,1.0,1.0,0.0,1.0,0.0,0.0,37.0,1.0,0.0,4.0,8.0,1.0,1.0,0.0,0.0,0.0,0.0,0.0,0.0,0.0,0.0,0.0,280.0,280.0,0.0,0,0,0,0,0,1,0.0,0.0,0.0,0.0,0.0,0.0
303,291,9.0,1.0,1.0,0.0,1.0,1.0,0.0,37.0,1.0,0.0,5.0,11.0,1.0,1.0,0.0,0.0,0.0,0.0,0.0,0.0,0.0,0.0,0.0,625.0,625.0,0.0,0,0,0,0,0,1,0.0,0.0,0.0,0.0,0.0,0.0
304,363,9.0,0.0,2.0,0.0,1.0,0.0,0.0,28.0,1.0,0.0,4.0,4.0,1.0,1.0,0.0,0.0,0.0,0.0,0.0,0.0,0.0,0.0,0.0,2045.0,225.0,0.0,0,0,0,0,0,1,0.0,0.0,0.0,0.0,0.0,0.0
305,363,9.0,1.0,1.0,0.0,1.0,1.0,0.0,31.0,1.0,0.0,4.0,11.0,1.0,1.0,0.0,0.0,0.0,0.0,0.0,0.0,0.0,1.0,0.0,1500.0,1500.0,0.0,0,0,0,1,0,0,0.0,0.0,0.0,0.0,0.0,0.0
306,88,8.0,0.0,2.0,0.0,0.0,1.0,0.0,32.0,1.0,0.0,4.0,3.0,1.0,1.0,0.0,0.0,0.0,0.0,0.0,0.0,0.0,0.0,0.0,1584.6154,200.0,0.0,0,0,0,1,0,0,0.0,0.0,0.0,0.0,0.0,0.0
307,88,8.0,1.0,1.0,0.0,0.0,1.0,0.0,21.0,1.0,0.0,2.0,7.0,1.0,0.0,0.0,0.0,0.0,0.0,0.0,0.0,0.0,0.0,0.0,0.0,0.0,0.0,0,0,0,1,0,0,0.0,0.0,0.0,0.0,0.0,0.0
308,90,8.0,0.0,2.0,0.0,0.0,1.0,0.0,26.0,1.0,0.0,4.0,7.0,1.0,0.0,0.0,0.0,0.0,0.0,0.0,0.0,0.0,0.0,0.0,1024.0,84.0,0.0,0,0,0,1,0,0,0.0,0.0,0.0,0.0,0.0,0.0
309,90,8.0,1.0,2.0,0.0,0.0,0.0,0.0,34.0,0.0,0.0,6.0,7.0,1.0,1.0,0.0,0.0,0.0,0.0,0.0,0.0,0.0,0.0,0.0,375.0,0.0,0.0,0,0,0,1,0,0,0.0,0.0,0.0,0.0,0.0,0.0
310,90,8.0,0.0,2.0,0.0,0.0,1.0,0.0,30.0,1.0,0.0,4.0,7.0,1.0,1.0,0.0,0.0,0.0,0.0,0.0,0.0,0.0,0.0,0.0,0.0,0.0,0.0,0,0,0,1,0,0,0.0,0.0,0.0,0.0,0.0,0.0
311,89,8.0,1.0,1.0,0.0,1.0,1.0,0.0,50.0,0.0,0.0,2.0,0.0,1.0,1.0,0.0,0.0,0.0,0.0,0.0,0.0,0.0,0.0,0.0,0.0,0.0,0.0,0,0,0,0,0,1,0.0,0.0,0.0,0.0,0.0,0.0
312,89,8.0,1.0,1.0,0.0,1.0,1.0,0.0,28.0,1.0,0.0,4.0,9.0,1.0,1.0,0.0,0.0,0.0,0.0,0.0,0.0,0.0,1.0,0.0,60.0,60.0,0.0,0,0,0,0,0,1,0.0,0.0,0.0,0.0,0.0,0.0
313,175,8.0,1.0,1.0,0.0,0.0,1.0,0.0,39.0,1.0,0.0,3.0,0.0,1.0,1.0,0.0,0.0,0.0,0.0,0.0,0.0,0.0,0.0,0.0,0.0,0.0,0.0,0,0,1,0,0,0,0.0,0.0,0.0,0.0,0.0,0.0
314,174,8.0,0.0,2.0,0.0,0.0,1.0,0.0,38.0,1.0,0.0,4.0,10.0,1.0,1.0,0.0,0.0,0.0,0.0,0.0,0.0,0.0,0.0,0.0,240.0,200.0,0.0,0,0,0,1,0,0,0.0,0.0,0.0,0.0,0.0,0.0
315,174,8.0,1.0,1.0,0.0,0.0,1.0,0.0,40.0,1.0,0.0,4.0,6.0,1.0,1.0,0.0,0.0,0.0,0.0,0.0,0.0,0.0,0.0,0.0,200.0,200.0,0.0,0,0,1,0,0,0,0.0,0.0,0.0,0.0,0.0,0.0
316,57,8.0,1.0,2.0,0.0,0.0,0.0,0.0,31.0,1.0,0.0,5.0,5.0,1.0,1.0,0.0,0.0,0.0,0.0,0.0,0.0,0.0,1.0,0.0,1288.0,588.0,0.0,0,0,0,1,0,0,0.0,0.0,0.0,0.0,0.0,0.0
317,57,8.0,1.0,1.0,0.0,0.0,1.0,0.0,33.0,1.0,0.0,3.0,12.0,1.0,0.0,0.0,0.0,0.0,0.0,0.0,0.0,0.0,1.0,0.0,200.0,200.0,0.0,0,0,0,1,0,0,0.0,0.0,0.0,0.0,0.0,0.0
318,57,8.0,1.0,1.0,0.0,0.0,1.0,0.0,47.0,1.0,0.0,3.0,9.0,1.0,1.0,0.0,0.0,0.0,0.0,0.0,0.0,0.0,1.0,0.0,2000.0,2000.0,0.0,0,0,0,1,0,0,0.0,0.0,0.0,0.0,0.0,0.0
319,173,9.0,1.0,2.0,0.0,0.0,1.0,0.0,28.0,1.0,0.0,4.0,10.0,1.0,1.0,0.0,0.0,0.0,0.0,0.0,0.0,0.0,0.0,0.0,378.0,378.0,0.0,0,0,0,0,0,1,0.0,0.0,0.0,0.0,0.0,0.0
320,173,9.0,1.0,2.0,0.0,0.0,1.0,0.0,30.0,1.0,0.0,5.0,5.0,1.0,1.0,0.0,0.0,0.0,0.0,0.0,0.0,0.0,0.0,0.0,450.0,200.0,0.0,0,0,0,0,0,1,0.0,0.0,0.0,0.0,0.0,0.0
321,198,8.0,1.0,1.0,0.0,0.0,0.0,0.0,39.0,1.0,0.0,3.0,6.0,1.0,1.0,0.0,0.0,0.0,0.0,0.0,0.0,0.0,0.0,0.0,0.0,0.0,0.0,0,0,0,0,0,1,0.0,0.0,0.0,0.0,0.0,0.0
322,198,8.0,1.0,1.0,0.0,0.0,1.0,0.0,45.0,1.0,0.0,3.0,8.0,1.0,1.0,0.0,0.0,0.0,0.0,0.0,0.0,0.0,0.0,0.0,4500.0,4500.0,0.0,0,0,0,0,0,1,0.0,0.0,0.0,0.0,0.0,0.0
323,198,8.0,1.0,1.0,0.0,0.0,1.0,0.0,32.0,1.0,0.0,4.0,4.0,1.0,1.0,0.0,0.0,0.0,0.0,0.0,0.0,0.0,0.0,0.0,0.0,0.0,0.0,0,0,0,0,0,1,0.0,0.0,0.0,0.0,0.0,0.0
324,198,8.0,0.0,2.0,1.0,0.0,1.0,0.0,20.0,1.0,0.0,3.0,5.0,1.0,1.0,0.0,0.0,0.0,0.0,0.0,0.0,0.0,0.0,0.0,600.0,0.0,0.0,0,0,0,0,0,1,0.0,0.0,0.0,0.0,0.0,0.0
325,179,8.0,1.0,1.0,0.0,0.0,1.0,0.0,50.0,0.0,0.0,1.0,5.0,1.0,1.0,0.0,0.0,0.0,0.0,0.0,0.0,0.0,0.0,0.0,0.0,0.0,0.0,0,0,0,1,0,0,0.0,0.0,0.0,0.0,0.0,0.0
326,179,8.0,1.0,1.0,0.0,0.0,1.0,0.0,33.0,1.0,0.0,6.0,9.0,0.0,1.0,0.0,0.0,0.0,0.0,0.0,0.0,0.0,0.0,0.0,0.0,0.0,0.0,0,0,0,1,0,0,0.0,0.0,0.0,0.0,0.0,0.0
327,179,8.0,1.0,1.0,0.0,0.0,1.0,0.0,24.0,1.0,0.0,4.0,10.0,1.0,1.0,0.0,0.0,0.0,0.0,0.0,0.0,0.0,0.0,0.0,2000.0,2000.0,0.0,0,0,0,0,0,1,0.0,0.0,0.0,0.0,0.0,0.0
328,22,7.0,0.0,2.0,0.0,0.0,1.0,0.0,32.0,1.0,0.0,5.0,5.0,1.0,1.0,0.0,0.0,0.0,0.0,0.0,0.0,0.0,0.0,0.0,2250.0,750.0,0.0,0,0,0,0,0,1,0.0,0.0,0.0,0.0,0.0,0.0
329,22,7.0,0.0,2.0,0.0,0.0,1.0,0.0,32.0,1.0,0.0,6.0,6.0,0.0,1.0,0.0,0.0,0.0,0.0,0.0,0.0,0.0,0.0,0.0,4500.0,500.0,0.0,0,0,0,0,0,1,0.0,0.0,0.0,0.0,0.0,0.0
330,21,8.0,1.0,2.0,0.0,1.0,1.0,0.0,36.0,1.0,0.0,3.0,8.0,1.0,1.0,0.0,0.0,0.0,0.0,0.0,0.0,0.0,0.0,0.0,1844.0,1044.0,0.0,0,0,0,0,0,1,0.0,0.0,0.0,0.0,0.0,0.0
331,21,8.0,0.0,2.0,0.0,1.0,1.0,0.0,33.0,1.0,0.0,4.0,9.0,1.0,1.0,0.0,0.0,0.0,0.0,0.0,0.0,0.0,0.0,0.0,413.0,413.0,0.0,0,0,0,0,0,1,0.0,0.0,0.0,0.0,0.0,0.0
332,121,8.0,0.0,2.0,1.0,0.0,1.0,0.0,24.0,1.0,0.0,4.0,6.0,1.0,1.0,0.0,0.0,0.0,0.0,0.0,0.0,0.0,0.0,0.0,2400.0,900.0,0.0,0,0,0,0,0,1,0.0,0.0,0.0,0.0,0.0,0.0
333,121,8.0,0.0,2.0,1.0,0.0,0.0,0.0,24.0,1.0,0.0,5.0,11.0,1.0,1.0,0.0,0.0,0.0,0.0,0.0,0.0,0.0,0.0,0.0,1300.0,200.0,0.0,0,0,0,0,0,1,0.0,0.0,0.0,0.0,0.0,0.0
334,121,8.0,0.0,2.0,1.0,0.0,1.0,0.0,30.0,1.0,0.0,4.0,8.0,1.0,1.0,0.0,0.0,0.0,0.0,0.0,0.0,0.0,0.0,0.0,1900.0,700.0,0.0,0,0,0,0,0,1,0.0,0.0,0.0,0.0,0.0,0.0
335,121,8.0,0.0,2.0,0.0,0.0,1.0,0.0,36.0,1.0,0.0,4.0,8.0,1.0,1.0,0.0,0.0,0.0,0.0,0.0,0.0,0.0,0.0,0.0,625.0,625.0,0.0,0,0,0,0,0,1,0.0,0.0,0.0,0.0,0.0,0.0
336,111,8.0,1.0,1.0,1.0,1.0,1.0,0.0,32.0,1.0,0.0,3.0,9.0,1.0,1.0,0.0,0.0,0.0,0.0,0.0,0.0,0.0,0.0,0.0,789.0,250.0,0.0,0,0,0,0,0,1,0.0,0.0,0.0,0.0,0.0,0.0
337,111,8.0,0.0,2.0,1.0,1.0,1.0,0.0,42.0,1.0,0.0,8.0,6.0,1.0,1.0,0.0,0.0,0.0,0.0,0.0,0.0,0.0,0.0,0.0,1250.0,250.0,0.0,0,0,0,0,0,1,0.0,0.0,0.0,0.0,0.0,0.0
338,111,8.0,0.0,2.0,1.0,1.0,1.0,0.0,45.0,1.0,0.0,4.0,10.0,1.0,1.0,0.0,0.0,0.0,0.0,0.0,0.0,0.0,0.0,0.0,4500.0,300.0,0.0,0,0,0,0,0,1,0.0,0.0,0.0,0.0,0.0,0.0
339,111,8.0,0.0,2.0,0.0,1.0,1.0,0.0,34.0,1.0,0.0,4.0,9.0,1.0,1.0,0.0,0.0,0.0,0.0,0.0,0.0,0.0,0.0,0.0,600.0,600.0,0.0,0,0,0,0,0,1,0.0,0.0,0.0,0.0,0.0,0.0
340,136,8.0,1.0,2.0,0.0,1.0,1.0,0.0,26.0,1.0,0.0,3.0,12.0,1.0,1.0,0.0,0.0,0.0,0.0,0.0,0.0,0.0,0.0,0.0,1375.0,750.0,0.0,0,0,0,0,0,1,0.0,0.0,0.0,0.0,0.0,0.0
341,136,8.0,0.0,2.0,1.0,1.0,1.0,0.0,40.0,1.0,0.0,5.0,3.0,1.0,1.0,0.0,0.0,0.0,0.0,0.0,0.0,0.0,0.0,0.0,9420.0,420.0,0.0,0,0,0,0,0,1,0.0,0.0,0.0,0.0,0.0,0.0
342,136,8.0,1.0,1.0,1.0,1.0,1.0,0.0,28.0,1.0,0.0,3.0,9.0,1.0,1.0,0.0,0.0,0.0,0.0,0.0,0.0,0.0,0.0,0.0,150.0,150.0,0.0,0,0,0,0,0,1,0.0,0.0,0.0,0.0,0.0,0.0
343,88/2,8.0,0.0,3.0,0.0,1.0,1.0,0.0,32.0,1.0,0.0,5.0,0.0,1.0,1.0,0.0,0.0,0.0,0.0,0.0,0.0,0.0,0.0,0.0,25130.77,0.0,0.0,0,0,0,0,0,1,0.0,0.0,0.0,0.0,0.0,0.0
344,88/2,8.0,0.0,3.0,1.0,1.0,0.0,0.0,26.0,1.0,0.0,5.0,3.0,1.0,1.0,0.0,0.0,0.0,0.0,0.0,0.0,0.0,0.0,0.0,1750.0,450.0,0.0,0,0,0,0,0,1,0.0,0.0,0.0,0.0,0.0,0.0
345,88/2,8.0,0.0,2.0,0.0,1.0,0.0,0.0,30.0,0.0,0.0,2.0,10.0,1.0,1.0,0.0,0.0,0.0,0.0,0.0,0.0,0.0,0.0,0.0,96.0,96.0,0.0,0,0,0,0,0,1,0.0,0.0,0.0,0.0,0.0,0.0
346,20,7.0,1.0,1.0,0.0,1.0,1.0,0.0,23.0,0.0,0.0,6.0,12.0,1.0,1.0,0.0,0.0,0.0,0.0,0.0,0.0,0.0,0.0,0.0,0.0,0.0,0.0,0,0,0,0,0,1,0.0,0.0,0.0,0.0,0.0,0.0
347,20,7.0,1.0,1.0,0.0,1.0,1.0,0.0,22.0,0.0,0.0,4.0,3.0,1.0,0.0,0.0,0.0,0.0,0.0,0.0,0.0,0.0,0.0,0.0,0.0,0.0,0.0,0,0,0,0,0,1,0.0,0.0,0.0,0.0,0.0,0.0
348,23,7.0,1.0,1.0,0.0,0.0,1.0,0.0,56.0,1.0,0.0,5.0,12.0,1.0,1.0,0.0,0.0,0.0,0.0,0.0,0.0,0.0,0.0,0.0,750.0,750.0,0.0,0,0,0,0,0,1,0.0,0.0,0.0,0.0,0.0,0.0
349,23,7.0,1.0,1.0,0.0,0.0,0.0,0.0,32.0,1.0,0.0,3.0,11.0,1.0,1.0,0.0,0.0,0.0,0.0,0.0,0.0,0.0,0.0,0.0,375.0,375.0,0.0,0,0,0,0,0,1,0.0,0.0,0.0,0.0,0.0,0.0
350,162,9.0,0.0,2.0,1.0,1.0,0.0,0.0,40.0,1.0,0.0,5.0,0.0,1.0,1.0,0.0,0.0,0.0,0.0,0.0,0.0,0.0,0.0,0.0,3375.0,875.0,0.0,0,0,0,1,0,0,0.0,0.0,0.0,0.0,0.0,0.0
351,162,9.0,0.0,2.0,0.0,1.0,1.0,0.0,29.0,1.0,0.0,3.0,9.0,1.0,1.0,0.0,0.0,0.0,0.0,0.0,0.0,0.0,0.0,0.0,3700.0,450.0,0.0,0,0,0,0,0,1,0.0,0.0,0.0,0.0,0.0,0.0
352,162,9.0,1.0,1.0,0.0,1.0,1.0,0.0,46.0,0.0,0.0,3.0,4.0,1.0,1.0,0.0,0.0,0.0,0.0,0.0,0.0,0.0,0.0,0.0,375.0,375.0,0.0,0,0,0,0,0,1,0.0,0.0,0.0,0.0,0.0,0.0
353,163,8.0,0.0,2.0,0.0,1.0,1.0,0.0,34.0,1.0,0.0,5.0,6.0,1.0,1.0,0.0,0.0,0.0,0.0,0.0,0.0,0.0,0.0,0.0,8000.0,0.0,0.0,0,0,0,0,0,1,0.0,0.0,0.0,0.0,0.0,0.0
354,163,8.0,0.0,2.0,1.0,1.0,0.0,0.0,30.0,1.0,0.0,6.0,11.0,1.0,0.0,0.0,0.0,0.0,0.0,0.0,0.0,0.0,0.0,0.0,2580.0,0.0,0.0,0,0,0,0,0,1,0.0,0.0,0.0,0.0,0.0,0.0
355,163,8.0,0.0,2.0,0.0,1.0,0.0,0.0,34.0,1.0,0.0,5.0,9.0,1.0,1.0,0.0,0.0,0.0,0.0,0.0,0.0,0.0,0.0,0.0,,,0.0,0,0,0,0,0,1,0.0,0.0,0.0,0.0,0.0,0.0
356,158/2,6.0,0.0,2.0,1.0,1.0,1.0,0.0,28.0,1.0,0.0,4.0,7.0,1.0,1.0,0.0,0.0,0.0,0.0,0.0,0.0,0.0,1.0,0.0,76.0,76.0,0.0,0,0,0,0,0,1,0.0,0.0,0.0,0.0,0.0,0.0
357,112,6.0,1.0,2.0,0.0,1.0,1.0,0.0,42.0,1.0,0.0,3.0,12.0,1.0,1.0,0.0,0.0,0.0,0.0,0.0,0.0,0.0,0.0,0.0,0.0,0.0,0.0,0,0,0,0,0,1,0.0,0.0,0.0,0.0,0.0,0.0
358,112,6.0,1.0,2.0,1.0,1.0,1.0,0.0,39.0,1.0,0.0,3.0,11.0,1.0,0.0,0.0,0.0,0.0,0.0,0.0,0.0,0.0,0.0,0.0,1125.0,1000.0,0.0,0,0,0,0,0,1,0.0,0.0,0.0,0.0,0.0,0.0
359,490,1.0,0.0,2.0,0.0,0.0,0.0,0.0,36.0,1.0,0.0,6.0,2.0,1.0,0.0,0.0,0.0,0.0,0.0,0.0,0.0,0.0,0.0,0.0,1320.0,320.0,0.0,0,0,1,0,0,0,0.0,0.0,0.0,0.0,0.0,0.0
360,490,1.0,1.0,2.0,1.0,0.0,1.0,0.0,31.0,1.0,0.0,4.0,10.0,1.0,0.0,0.0,0.0,0.0,0.0,0.0,0.0,0.0,0.0,0.0,0.0,0.0,0.0,0,0,1,0,0,0,0.0,0.0,0.0,0.0,0.0,0.0
361,492,1.0,1.0,1.0,1.0,0.0,0.0,0.0,38.0,1.0,0.0,4.0,4.0,1.0,1.0,0.0,0.0,0.0,0.0,0.0,0.0,0.0,0.0,0.0,0.0,0.0,0.0,0,0,1,0,0,0,0.0,0.0,0.0,0.0,0.0,0.0
362,492,1.0,1.0,1.0,0.0,0.0,0.0,0.0,30.0,1.0,0.0,4.0,9.0,1.0,1.0,0.0,0.0,0.0,0.0,0.0,0.0,0.0,0.0,0.0,0.0,0.0,0.0,0,0,1,0,0,0,0.0,0.0,0.0,0.0,0.0,0.0
363,493,1.0,0.0,2.0,1.0,0.0,1.0,0.0,26.0,1.0,0.0,4.0,8.0,1.0,1.0,0.0,0.0,0.0,0.0,0.0,0.0,0.0,0.0,0.0,3000.0,0.0,0.0,0,0,1,0,0,0,0.0,0.0,0.0,0.0,0.0,0.0
364,493,1.0,1.0,1.0,1.0,0.0,1.0,0.0,21.0,1.0,0.0,5.0,5.0,1.0,0.0,0.0,0.0,0.0,0.0,0.0,0.0,0.0,0.0,0.0,1200.0,1200.0,0.0,0,0,1,0,0,0,0.0,0.0,0.0,0.0,0.0,0.0
365,494,1.0,0.0,2.0,0.0,0.0,1.0,0.0,39.0,1.0,0.0,5.0,5.0,1.0,1.0,0.0,0.0,0.0,0.0,0.0,0.0,0.0,0.0,0.0,2770.0,1400.0,0.0,0,0,1,0,0,0,0.0,0.0,0.0,0.0,0.0,0.0
366,499,1.0,1.0,1.0,1.0,1.0,1.0,0.0,20.0,1.0,0.0,3.0,7.0,1.0,1.0,0.0,0.0,0.0,0.0,0.0,0.0,0.0,0.0,0.0,0.0,0.0,0.0,0,0,1,0,0,0,0.0,0.0,0.0,0.0,0.0,0.0
367,499,1.0,0.0,3.0,1.0,1.0,1.0,0.0,25.0,1.0,0.0,3.0,0.0,1.0,1.0,0.0,0.0,0.0,0.0,0.0,0.0,0.0,0.0,0.0,1900.0,500.0,0.0,0,0,1,0,0,0,0.0,0.0,0.0,0.0,0.0,0.0
368,490/2,2.0,0.0,3.0,1.0,0.0,1.0,0.0,26.0,1.0,0.0,4.0,5.0,1.0,1.0,0.0,0.0,0.0,0.0,0.0,0.0,0.0,0.0,0.0,1500.0,0.0,0.0,0,0,1,0,0,0,0.0,0.0,0.0,0.0,0.0,0.0
369,491/2,2.0,0.0,2.0,0.0,0.0,1.0,0.0,28.0,1.0,0.0,5.0,7.0,1.0,1.0,0.0,0.0,0.0,0.0,0.0,0.0,0.0,0.0,0.0,5900.0,3500.0,0.0,0,0,1,0,0,0,0.0,0.0,0.0,0.0,0.0,0.0
370,494/2,2.0,1.0,1.0,0.0,0.0,1.0,0.0,48.0,1.0,0.0,2.0,4.0,1.0,1.0,0.0,0.0,0.0,0.0,0.0,0.0,0.0,0.0,0.0,120.0,120.0,0.0,0,0,1,0,0,0,0.0,0.0,0.0,0.0,0.0,0.0
371,494/2,2.0,1.0,1.0,0.0,0.0,1.0,0.0,27.0,1.0,0.0,5.0,11.0,1.0,1.0,0.0,0.0,0.0,0.0,0.0,0.0,0.0,0.0,0.0,0.0,0.0,0.0,0,0,1,0,0,0,0.0,0.0,0.0,0.0,0.0,0.0
372,499/3,2.0,0.0,2.0,0.0,0.0,1.0,0.0,23.0,1.0,0.0,4.0,11.0,1.0,1.0,0.0,0.0,0.0,0.0,0.0,0.0,0.0,0.0,0.0,0.0,0.0,0.0,0,0,1,0,0,0,0.0,0.0,0.0,0.0,0.0,0.0
373,474,2.0,1.0,1.0,0.0,1.0,1.0,0.0,45.0,1.0,0.0,3.0,10.0,0.0,1.0,0.0,0.0,0.0,0.0,0.0,0.0,0.0,0.0,0.0,0.0,0.0,0.0,0,0,1,0,0,0,0.0,0.0,0.0,0.0,0.0,0.0
374,511,3.0,0.0,2.0,0.0,0.0,1.0,0.0,29.0,1.0,0.0,4.0,8.0,0.0,1.0,0.0,0.0,0.0,0.0,0.0,0.0,0.0,0.0,0.0,1235.0,500.0,0.0,0,0,1,0,0,0,0.0,0.0,0.0,0.0,0.0,0.0
375,511,3.0,0.0,2.0,0.0,0.0,1.0,0.0,42.0,1.0,0.0,4.0,4.0,0.0,1.0,0.0,0.0,0.0,0.0,0.0,0.0,0.0,0.0,0.0,420.0,0.0,0.0,0,0,1,0,0,0,0.0,0.0,0.0,0.0,0.0,0.0
376,402/2,2.0,1.0,1.0,0.0,0.0,1.0,0.0,35.0,1.0,0.0,4.0,9.0,1.0,1.0,0.0,0.0,0.0,0.0,0.0,0.0,0.0,0.0,0.0,150.0,150.0,0.0,0,0,1,0,0,0,0.0,0.0,0.0,0.0,0.0,0.0
377,363/3,3.0,0.0,1.0,0.0,1.0,1.0,0.0,42.0,1.0,0.0,4.0,0.0,0.0,0.0,0.0,0.0,0.0,0.0,0.0,0.0,0.0,0.0,0.0,315.0,0.0,0.0,0,0,1,0,0,0,0.0,0.0,0.0,0.0,0.0,0.0
378,363/3,3.0,0.0,3.0,0.0,1.0,1.0,0.0,30.0,1.0,0.0,4.0,10.0,1.0,1.0,0.0,0.0,0.0,0.0,0.0,0.0,0.0,0.0,0.0,1238.4615,850.0,0.0,0,0,1,0,0,0,0.0,0.0,0.0,0.0,0.0,0.0
379,163/2,3.0,0.0,2.0,1.0,0.0,1.0,0.0,23.0,1.0,0.0,4.0,4.0,0.0,1.0,0.0,0.0,0.0,0.0,0.0,0.0,0.0,0.0,0.0,3088.0,0.0,0.0,0,0,1,0,0,0,0.0,0.0,0.0,0.0,0.0,0.0
380,Chandana,1.0,0.0,2.0,0.0,0.0,0.0,0.0,30.0,1.0,0.0,3.0,8.0,1.0,1.0,0.0,0.0,0.0,0.0,0.0,0.0,0.0,0.0,0.0,600.0,0.0,0.0,0,0,1,0,0,0,0.0,0.0,0.0,0.0,0.0,0.0
381,Pampa,1.0,1.0,1.0,0.0,0.0,0.0,0.0,28.0,1.0,0.0,3.0,9.0,1.0,1.0,0.0,0.0,0.0,0.0,0.0,0.0,0.0,0.0,0.0,0.0,0.0,0.0,0,0,0,1,0,0,0.0,0.0,0.0,0.0,0.0,0.0
382,382/2,3.0,0.0,1.0,0.0,0.0,1.0,0.0,39.0,1.0,0.0,5.0,10.0,1.0,1.0,0.0,0.0,0.0,0.0,0.0,0.0,0.0,0.0,0.0,2500.0,2000.0,0.0,0,0,1,0,0,0,0.0,0.0,0.0,0.0,0.0,0.0
383,405/2,3.0,1.0,1.0,0.0,0.0,1.0,0.0,35.0,1.0,0.0,4.0,9.0,1.0,1.0,0.0,0.0,0.0,0.0,0.0,0.0,0.0,0.0,0.0,350.0,350.0,0.0,0,0,1,0,0,0,0.0,0.0,0.0,0.0,0.0,0.0
384,405/2,3.0,1.0,1.0,0.0,0.0,1.0,0.0,45.0,1.0,0.0,3.0,7.0,1.0,1.0,0.0,0.0,0.0,0.0,0.0,0.0,0.0,0.0,0.0,0.0,0.0,0.0,0,1,0,0,0,0,0.0,0.0,0.0,0.0,0.0,0.0
385,Archana,2.0,0.0,2.0,1.0,1.0,0.0,0.0,31.0,0.0,0.0,9.0,10.0,1.0,1.0,0.0,0.0,0.0,0.0,0.0,0.0,0.0,0.0,0.0,0.0,0.0,0.0,0,0,1,0,0,0,0.0,0.0,0.0,0.0,0.0,0.0
386,Ruma,2.0,0.0,2.0,0.0,0.0,1.0,0.0,25.0,1.0,0.0,3.0,8.0,1.0,1.0,0.0,0.0,0.0,0.0,0.0,0.0,0.0,0.0,0.0,500.0,0.0,0.0,0,0,1,0,0,0,0.0,0.0,0.0,0.0,0.0,0.0
387,311/2,3.0,0.0,2.0,0.0,0.0,0.0,0.0,50.0,1.0,0.0,4.0,12.0,1.0,1.0,0.0,0.0,0.0,0.0,0.0,0.0,0.0,0.0,0.0,10500.0,0.0,0.0,0,0,1,0,0,0,0.0,0.0,0.0,0.0,0.0,0.0
388,311/2,3.0,1.0,1.0,0.0,0.0,1.0,0.0,35.0,1.0,0.0,4.0,8.0,1.0,1.0,0.0,0.0,0.0,0.0,0.0,0.0,0.0,0.0,0.0,0.0,0.0,0.0,0,0,1,0,0,0,0.0,0.0,0.0,0.0,0.0,0.0
389,311/3,3.0,1.0,2.0,0.0,0.0,1.0,0.0,38.0,1.0,0.0,3.0,12.0,1.0,0.0,0.0,0.0,0.0,0.0,0.0,0.0,0.0,0.0,0.0,250.0,0.0,0.0,0,0,1,0,0,0,0.0,0.0,0.0,0.0,0.0,0.0
390,402/5,3.0,1.0,2.0,0.0,1.0,1.0,0.0,42.0,1.0,0.0,4.0,4.0,1.0,1.0,0.0,0.0,0.0,0.0,0.0,0.0,0.0,0.0,0.0,225.0,120.0,0.0,0,0,1,0,0,0,0.0,0.0,0.0,0.0,0.0,0.0
391,402/5,3.0,0.0,3.0,0.0,1.0,1.0,0.0,35.0,1.0,0.0,6.0,3.0,1.0,1.0,0.0,0.0,0.0,0.0,0.0,0.0,0.0,0.0,0.0,11325.0,1125.0,0.0,0,0,1,0,0,0,0.0,0.0,0.0,0.0,0.0,0.0
392,517,3.0,0.0,3.0,1.0,0.0,1.0,0.0,35.0,1.0,0.0,7.0,12.0,0.0,1.0,0.0,0.0,0.0,0.0,0.0,0.0,0.0,0.0,0.0,825.0,120.0,0.0,0,0,1,0,0,0,0.0,0.0,0.0,0.0,0.0,0.0
393,517/3,3.0,1.0,1.0,1.0,1.0,0.0,0.0,33.0,1.0,0.0,4.0,8.0,1.0,1.0,0.0,0.0,0.0,0.0,0.0,0.0,0.0,0.0,0.0,0.0,0.0,0.0,0,0,1,0,0,0,0.0,0.0,0.0,0.0,0.0,0.0
394,365/5,4.0,0.0,2.0,1.0,0.0,1.0,0.0,50.0,1.0,0.0,7.0,7.0,1.0,1.0,0.0,0.0,0.0,0.0,0.0,0.0,0.0,0.0,0.0,1000.0,0.0,0.0,0,0,1,0,0,0,0.0,0.0,0.0,0.0,0.0,0.0
395,368/3,4.0,1.0,1.0,0.0,1.0,1.0,0.0,35.0,1.0,0.0,4.0,9.0,0.0,1.0,0.0,0.0,0.0,0.0,0.0,0.0,0.0,0.0,0.0,0.0,0.0,0.0,0,0,1,0,0,0,0.0,0.0,0.0,0.0,0.0,0.0
396,520,4.0,0.0,2.0,0.0,1.0,1.0,0.0,42.0,1.0,0.0,3.0,9.0,1.0,1.0,0.0,0.0,0.0,0.0,0.0,0.0,0.0,0.0,0.0,575.0,75.0,0.0,0,0,1,0,0,0,0.0,0.0,0.0,0.0,0.0,0.0
397,520/2,4.0,0.0,2.0,0.0,1.0,1.0,0.0,45.0,1.0,0.0,3.0,3.0,1.0,1.0,0.0,0.0,0.0,0.0,0.0,0.0,0.0,0.0,0.0,750.0,250.0,0.0,0,0,1,0,0,0,0.0,0.0,0.0,0.0,0.0,0.0
398,497/3,4.0,0.0,2.0,0.0,1.0,0.0,0.0,46.0,1.0,0.0,4.0,0.0,1.0,0.0,0.0,0.0,0.0,0.0,0.0,0.0,0.0,1.0,0.0,250.0,0.0,0.0,0,0,1,0,0,0,0.0,0.0,0.0,0.0,0.0,0.0
399,497/3,4.0,0.0,2.0,0.0,1.0,0.0,0.0,33.0,1.0,0.0,4.0,9.0,1.0,1.0,0.0,0.0,0.0,0.0,0.0,0.0,0.0,1.0,0.0,1625.0,375.0,0.0,0,0,1,0,0,0,0.0,0.0,0.0,0.0,0.0,0.0
400,497/3,4.0,1.0,2.0,0.0,1.0,1.0,0.0,28.0,0.0,0.0,2.0,10.0,1.0,1.0,0.0,0.0,0.0,0.0,0.0,0.0,0.0,0.0,0.0,425.0,375.0,0.0,0,0,1,0,0,0,0.0,0.0,0.0,0.0,0.0,0.0
401,198/2,4.0,0.0,3.0,1.0,0.0,1.0,0.0,27.0,1.0,0.0,6.0,6.0,1.0,1.0,0.0,0.0,0.0,0.0,0.0,0.0,0.0,0.0,0.0,7329.2305,360.0,0.0,1,0,0,0,0,0,0.0,0.0,0.0,0.0,0.0,0.0
402,198/2,4.0,1.0,3.0,0.0,0.0,1.0,0.0,58.0,1.0,0.0,3.0,10.0,1.0,1.0,0.0,0.0,0.0,0.0,0.0,0.0,0.0,0.0,0.0,4500.0,3750.0,0.0,0,0,1,0,0,0,0.0,0.0,0.0,0.0,0.0,0.0
403,198/3,4.0,0.0,2.0,0.0,1.0,0.0,0.0,35.0,1.0,0.0,4.0,2.0,1.0,0.0,0.0,0.0,0.0,0.0,0.0,0.0,0.0,0.0,0.0,1670.0,420.0,0.0,0,0,1,0,0,0,0.0,0.0,0.0,0.0,0.0,0.0
404,90/2,4.0,0.0,3.0,0.0,0.0,1.0,0.0,45.0,1.0,0.0,4.0,2.0,1.0,1.0,0.0,0.0,0.0,0.0,0.0,0.0,0.0,0.0,0.0,500.0,400.0,0.0,0,0,1,0,0,0,0.0,0.0,0.0,0.0,0.0,0.0
405,90/2,4.0,0.0,2.0,0.0,0.0,0.0,0.0,40.0,1.0,0.0,3.0,4.0,1.0,1.0,0.0,0.0,0.0,0.0,0.0,0.0,0.0,0.0,0.0,412.30768,220.0,0.0,0,0,1,0,0,0,0.0,0.0,0.0,0.0,0.0,0.0
406,90/3,4.0,0.0,2.0,0.0,0.0,0.0,0.0,27.0,1.0,0.0,5.0,7.0,1.0,1.0,0.0,0.0,0.0,0.0,0.0,0.0,0.0,1.0,0.0,530.0,30.0,0.0,0,0,1,0,0,0,0.0,0.0,0.0,0.0,0.0,0.0
407,90/3,4.0,1.0,1.0,0.0,0.0,1.0,0.0,28.0,1.0,0.0,5.0,8.0,1.0,1.0,0.0,0.0,0.0,0.0,0.0,0.0,0.0,1.0,0.0,625.0,625.0,0.0,0,0,1,0,0,0,0.0,0.0,0.0,0.0,0.0,0.0
408,365/6,4.0,0.0,2.0,0.0,1.0,0.0,0.0,35.0,1.0,0.0,4.0,7.0,1.0,1.0,0.0,0.0,0.0,0.0,0.0,0.0,0.0,0.0,0.0,1153.8462,0.0,0.0,0,0,1,0,0,0,0.0,0.0,0.0,0.0,0.0,0.0
409,365/6,4.0,0.0,2.0,0.0,1.0,1.0,0.0,45.0,1.0,0.0,6.0,0.0,0.0,1.0,0.0,0.0,0.0,0.0,0.0,0.0,0.0,0.0,0.0,2500.0,0.0,0.0,0,0,1,0,0,0,0.0,0.0,0.0,0.0,0.0,0.0
410,522/2,3.0,1.0,1.0,0.0,1.0,1.0,0.0,32.0,1.0,0.0,4.0,8.0,0.0,1.0,0.0,0.0,0.0,0.0,0.0,0.0,0.0,0.0,0.0,750.0,750.0,0.0,0,0,1,0,0,0,0.0,0.0,0.0,0.0,0.0,0.0
411,522/2,3.0,0.0,3.0,0.0,1.0,1.0,0.0,37.0,1.0,0.0,4.0,4.0,0.0,1.0,0.0,0.0,0.0,0.0,0.0,0.0,0.0,0.0,0.0,13060.0,500.0,0.0,0,0,1,0,0,0,0.0,0.0,0.0,0.0,0.0,0.0
412,522/3,3.0,0.0,2.0,0.0,0.0,1.0,0.0,24.0,1.0,0.0,5.0,8.0,0.0,1.0,0.0,0.0,0.0,0.0,0.0,0.0,0.0,0.0,0.0,3300.0,800.0,0.0,0,0,1,0,0,0,0.0,0.0,0.0,0.0,0.0,0.0
413,305/2,4.0,0.0,2.0,1.0,0.0,1.0,0.0,28.0,1.0,0.0,3.0,8.0,1.0,1.0,0.0,0.0,0.0,0.0,0.0,0.0,0.0,1.0,0.0,810.0,0.0,0.0,0,0,1,0,0,0,0.0,0.0,0.0,0.0,0.0,0.0
414,349/3,5.0,0.0,2.0,0.0,1.0,1.0,0.0,28.0,1.0,0.0,4.0,5.0,1.0,1.0,0.0,0.0,0.0,0.0,0.0,0.0,0.0,0.0,0.0,2000.0,0.0,0.0,0,0,1,0,0,0,0.0,0.0,0.0,0.0,0.0,0.0
415,349/3,5.0,1.0,3.0,0.0,1.0,1.0,0.0,27.0,1.0,0.0,3.0,7.0,1.0,1.0,0.0,0.0,0.0,0.0,0.0,0.0,0.0,0.0,0.0,990.0,0.0,0.0,0,0,1,0,0,0,0.0,0.0,0.0,0.0,0.0,0.0
416,399/3,5.0,0.0,4.0,0.0,1.0,1.0,0.0,24.0,1.0,0.0,3.0,8.0,1.0,1.0,0.0,0.0,0.0,0.0,0.0,0.0,0.0,0.0,0.0,1827.4615,0.0,0.0,0,1,0,0,0,0,0.0,0.0,0.0,0.0,0.0,0.0
417,399/3,5.0,0.0,2.0,0.0,1.0,1.0,0.0,37.0,1.0,0.0,4.0,8.0,1.0,1.0,0.0,0.0,0.0,0.0,0.0,0.0,0.0,0.0,0.0,300.0,0.0,0.0,0,1,0,0,0,0,0.0,0.0,0.0,0.0,0.0,0.0
418,198/5,5.0,0.0,3.0,0.0,1.0,1.0,0.0,30.0,1.0,0.0,4.0,7.0,1.0,0.0,0.0,0.0,0.0,0.0,0.0,0.0,0.0,0.0,0.0,17307.691,0.0,0.0,0,0,1,0,0,0,0.0,0.0,0.0,0.0,0.0,0.0
419,198/6,5.0,0.0,1.0,1.0,1.0,1.0,0.0,25.0,1.0,0.0,4.0,9.0,1.0,0.0,0.0,0.0,0.0,0.0,0.0,0.0,0.0,0.0,0.0,2000.0,0.0,0.0,0,0,1,0,0,0,0.0,0.0,0.0,0.0,0.0,0.0
420,198/6,5.0,1.0,1.0,0.0,1.0,0.0,0.0,35.0,1.0,0.0,4.0,4.0,1.0,1.0,0.0,0.0,0.0,0.0,0.0,0.0,0.0,0.0,0.0,240.0,240.0,0.0,0,0,1,0,0,0,0.0,0.0,0.0,0.0,0.0,0.0
421,198/7,5.0,1.0,3.0,0.0,0.0,1.0,0.0,39.0,1.0,0.0,4.0,6.0,1.0,1.0,0.0,0.0,0.0,0.0,0.0,0.0,0.0,0.0,0.0,1400.0,1400.0,0.0,0,0,1,0,0,0,0.0,0.0,0.0,0.0,0.0,0.0
422,509/3,5.0,1.0,1.0,0.0,0.0,1.0,0.0,39.0,0.0,0.0,4.0,0.0,1.0,0.0,0.0,0.0,0.0,0.0,0.0,0.0,0.0,0.0,0.0,575.0,575.0,0.0,0,0,1,0,0,0,0.0,0.0,0.0,0.0,0.0,0.0
423,509/3,5.0,1.0,1.0,0.0,0.0,0.0,0.0,49.0,1.0,0.0,4.0,7.0,1.0,1.0,0.0,0.0,0.0,0.0,0.0,0.0,0.0,0.0,0.0,250.0,250.0,0.0,0,0,1,0,0,0,0.0,0.0,0.0,0.0,0.0,0.0
424,363/5,5.0,1.0,1.0,1.0,0.0,1.0,0.0,23.0,1.0,0.0,3.0,7.0,0.0,1.0,0.0,0.0,0.0,0.0,0.0,0.0,0.0,0.0,0.0,700.0,700.0,0.0,0,0,1,0,0,0,0.0,0.0,0.0,0.0,0.0,0.0
425,363/5,5.0,0.0,2.0,0.0,0.0,1.0,0.0,29.0,1.0,0.0,4.0,12.0,1.0,1.0,0.0,0.0,0.0,0.0,0.0,0.0,0.0,0.0,0.0,8550.0,50.0,0.0,0,0,1,0,0,0,0.0,0.0,0.0,0.0,0.0,0.0
426,363/6,5.0,0.0,2.0,0.0,0.0,1.0,0.0,35.0,1.0,0.0,4.0,3.0,1.0,1.0,0.0,0.0,0.0,0.0,0.0,0.0,0.0,0.0,0.0,607.5,187.5,0.0,0,1,0,0,0,0,0.0,0.0,0.0,0.0,0.0,0.0
427,363/6,5.0,1.0,1.0,1.0,0.0,1.0,0.0,30.0,1.0,0.0,4.0,5.0,0.0,1.0,0.0,0.0,0.0,0.0,0.0,0.0,0.0,0.0,0.0,72.0,72.0,0.0,0,1,0,0,0,0,0.0,0.0,0.0,0.0,0.0,0.0
428,363/6,5.0,0.0,1.0,1.0,0.0,1.0,0.0,47.0,1.0,0.0,6.0,7.0,0.0,1.0,0.0,0.0,0.0,0.0,0.0,0.0,0.0,0.0,0.0,154.0,70.0,0.0,0,1,0,0,0,0,0.0,0.0,0.0,0.0,0.0,0.0
429,363/6,5.0,0.0,3.0,1.0,0.0,1.0,0.0,26.0,1.0,0.0,7.0,10.0,0.0,1.0,0.0,0.0,0.0,0.0,0.0,0.0,0.0,0.0,0.0,587.6538,241.5,0.0,0,0,1,0,0,0,0.0,0.0,0.0,0.0,0.0,0.0
430,533/2,5.0,0.0,2.0,0.0,0.0,0.0,0.0,31.0,1.0,0.0,4.0,6.0,1.0,1.0,0.0,0.0,0.0,0.0,0.0,0.0,0.0,0.0,0.0,780.0,0.0,0.0,1,0,0,0,0,0,0.0,0.0,0.0,0.0,0.0,0.0
431,349/5,5.0,0.0,2.0,1.0,1.0,1.0,0.0,30.0,1.0,0.0,6.0,8.0,1.0,1.0,0.0,0.0,0.0,0.0,0.0,0.0,0.0,0.0,0.0,1450.0,250.0,0.0,0,0,1,0,0,0,0.0,0.0,0.0,0.0,0.0,0.0
432,349/5,5.0,0.0,2.0,1.0,1.0,1.0,0.0,38.0,1.0,0.0,4.0,10.0,1.0,1.0,0.0,0.0,0.0,0.0,0.0,0.0,0.0,0.0,0.0,6800.0,800.0,0.0,0,0,1,0,0,0,0.0,0.0,0.0,0.0,0.0,0.0
433,402/6,5.0,0.0,2.0,1.0,1.0,1.0,0.0,23.0,1.0,0.0,4.0,5.0,1.0,1.0,0.0,0.0,0.0,0.0,0.0,0.0,0.0,0.0,0.0,4273.077,350.0,0.0,0,0,1,0,0,0,0.0,0.0,0.0,0.0,0.0,0.0
434,402/7,6.0,0.0,4.0,0.0,0.0,1.0,0.0,32.0,1.0,0.0,3.0,10.0,1.0,1.0,0.0,0.0,0.0,0.0,0.0,0.0,0.0,0.0,0.0,4550.0,1300.0,0.0,0,0,1,0,0,0,0.0,0.0,0.0,0.0,0.0,0.0
435,200/4,5.0,0.0,2.0,0.0,1.0,1.0,0.0,20.0,1.0,0.0,2.0,8.0,0.0,1.0,0.0,0.0,0.0,0.0,0.0,0.0,0.0,0.0,0.0,1993.0769,70.0,0.0,0,1,0,0,0,0,0.0,0.0,0.0,0.0,0.0,0.0
436,200/4,5.0,0.0,2.0,1.0,1.0,1.0,0.0,21.0,1.0,0.0,4.0,8.0,0.0,1.0,0.0,0.0,0.0,0.0,0.0,0.0,0.0,0.0,0.0,2300.0,300.0,0.0,1,0,0,0,0,0,0.0,0.0,0.0,0.0,0.0,0.0
437,200/4,5.0,1.0,1.0,0.0,1.0,1.0,0.0,40.0,1.0,0.0,5.0,0.0,0.0,1.0,0.0,0.0,0.0,0.0,0.0,0.0,0.0,0.0,0.0,3500.0,3500.0,0.0,0,1,0,0,0,0,0.0,0.0,0.0,0.0,0.0,0.0
438,200/4,5.0,1.0,2.0,0.0,1.0,1.0,0.0,41.0,1.0,0.0,4.0,0.0,0.0,1.0,0.0,0.0,0.0,0.0,0.0,0.0,0.0,0.0,0.0,210.0,100.0,0.0,0,1,0,0,0,0,0.0,0.0,0.0,0.0,0.0,0.0
439,198/8,6.0,1.0,1.0,0.0,1.0,1.0,0.0,40.0,1.0,0.0,6.0,4.0,1.0,1.0,0.0,0.0,0.0,0.0,0.0,0.0,0.0,0.0,0.0,0.0,0.0,0.0,0,0,1,0,0,0,0.0,0.0,0.0,0.0,0.0,0.0
440,198/8,6.0,0.0,2.0,0.0,1.0,1.0,0.0,25.0,1.0,0.0,8.0,6.0,1.0,1.0,0.0,0.0,0.0,0.0,0.0,0.0,0.0,0.0,0.0,2300.0,0.0,0.0,0,0,1,0,0,0,0.0,0.0,0.0,0.0,0.0,0.0
441,198/8,6.0,1.0,2.0,0.0,1.0,0.0,0.0,45.0,0.0,0.0,2.0,5.0,1.0,1.0,0.0,0.0,0.0,0.0,0.0,0.0,0.0,0.0,0.0,450.0,300.0,0.0,0,0,1,0,0,0,0.0,0.0,0.0,0.0,0.0,0.0
442,496/2,6.0,1.0,2.0,0.0,1.0,1.0,0.0,53.0,0.0,0.0,4.0,12.0,1.0,1.0,0.0,0.0,0.0,0.0,0.0,0.0,0.0,0.0,0.0,1500.0,1000.0,0.0,0,0,1,0,0,0,0.0,0.0,0.0,0.0,0.0,0.0
443,553/2,6.0,1.0,1.0,1.0,0.0,1.0,0.0,20.0,1.0,0.0,5.0,5.0,1.0,0.0,0.0,0.0,0.0,0.0,0.0,0.0,0.0,0.0,0.0,200.0,200.0,0.0,0,0,1,0,0,0,0.0,0.0,0.0,0.0,0.0,0.0
444,349/6,6.0,1.0,1.0,0.0,0.0,1.0,0.0,40.0,1.0,0.0,4.0,10.0,1.0,1.0,0.0,0.0,0.0,0.0,0.0,0.0,0.0,0.0,0.0,0.0,0.0,0.0,0,0,1,0,0,0,0.0,0.0,0.0,0.0,0.0,0.0
445,402/9,6.0,0.0,2.0,0.0,1.0,1.0,0.0,27.0,1.0,0.0,5.0,9.0,1.0,1.0,0.0,0.0,0.0,0.0,0.0,0.0,0.0,0.0,0.0,300.0,0.0,0.0,0,0,1,0,0,0,0.0,0.0,0.0,0.0,0.0,0.0
446,402/9,6.0,0.0,2.0,0.0,1.0,1.0,0.0,38.0,1.0,0.0,4.0,0.0,0.0,1.0,0.0,0.0,0.0,0.0,0.0,0.0,0.0,0.0,0.0,750.0,0.0,0.0,0,0,1,0,0,0,0.0,0.0,0.0,0.0,0.0,0.0
447,553/3,6.0,0.0,3.0,0.0,0.0,0.0,0.0,37.0,1.0,0.0,4.0,1.0,1.0,1.0,0.0,0.0,0.0,0.0,0.0,0.0,0.0,0.0,0.0,700.0,100.0,0.0,0,0,1,0,0,0,0.0,0.0,0.0,0.0,0.0,0.0
448,553/3,6.0,1.0,1.0,1.0,0.0,0.0,0.0,29.0,1.0,0.0,4.0,4.0,1.0,1.0,0.0,0.0,0.0,0.0,0.0,0.0,0.0,0.0,0.0,150.0,150.0,0.0,0,0,1,0,0,0,0.0,0.0,0.0,0.0,0.0,0.0
449,571,6.0,0.0,2.0,1.0,1.0,0.0,0.0,28.0,1.0,0.0,4.0,9.0,0.0,1.0,0.0,0.0,0.0,0.0,0.0,0.0,0.0,0.0,0.0,2000.0,0.0,0.0,0,0,1,0,0,0,0.0,0.0,0.0,0.0,0.0,0.0
450,573,7.0,0.0,2.0,0.0,0.0,0.0,0.0,26.0,1.0,0.0,4.0,8.0,1.0,1.0,0.0,0.0,0.0,0.0,0.0,0.0,0.0,0.0,0.0,975.0,45.0,0.0,1,0,0,0,0,0,0.0,0.0,0.0,0.0,0.0,0.0
451,363/8,7.0,1.0,1.0,0.0,1.0,1.0,0.0,55.0,1.0,0.0,8.0,0.0,1.0,1.0,0.0,0.0,0.0,0.0,0.0,0.0,0.0,0.0,0.0,300.0,300.0,0.0,0,0,1,0,0,0,0.0,0.0,0.0,0.0,0.0,0.0
452,158/3,7.0,0.0,2.0,1.0,0.0,1.0,0.0,27.0,1.0,0.0,8.0,6.0,1.0,1.0,0.0,0.0,0.0,0.0,0.0,0.0,0.0,0.0,0.0,2850.0,350.0,0.0,0,0,1,0,0,0,0.0,0.0,0.0,0.0,0.0,0.0
453,158/3,7.0,1.0,1.0,0.0,0.0,1.0,0.0,34.0,0.0,0.0,4.0,9.0,1.0,1.0,0.0,0.0,0.0,0.0,0.0,0.0,0.0,0.0,0.0,165.0,165.0,0.0,0,0,1,0,0,0,0.0,0.0,0.0,0.0,0.0,0.0
454,158/3,7.0,1.0,1.0,1.0,0.0,0.0,0.0,20.0,1.0,0.0,5.0,7.0,1.0,1.0,0.0,0.0,0.0,0.0,0.0,0.0,0.0,0.0,0.0,270.0,270.0,0.0,0,0,1,0,0,0,0.0,0.0,0.0,0.0,0.0,0.0
455,311/5,7.0,0.0,2.0,0.0,0.0,0.0,0.0,45.0,1.0,0.0,4.0,0.0,1.0,0.0,0.0,0.0,0.0,0.0,0.0,0.0,0.0,0.0,0.0,2000.0,1125.0,0.0,0,0,1,0,0,0,0.0,0.0,0.0,0.0,0.0,0.0
456,311/5,7.0,0.0,2.0,1.0,0.0,1.0,0.0,33.0,1.0,0.0,11.0,4.0,1.0,1.0,0.0,0.0,0.0,0.0,0.0,0.0,0.0,0.0,0.0,2036.0,36.0,0.0,0,0,1,0,0,0,0.0,0.0,0.0,0.0,0.0,0.0
457,311/5,7.0,1.0,1.0,1.0,0.0,1.0,0.0,28.0,1.0,0.0,4.0,12.0,1.0,1.0,0.0,0.0,0.0,0.0,0.0,0.0,0.0,0.0,0.0,0.0,0.0,0.0,0,1,0,0,0,0,0.0,0.0,0.0,0.0,0.0,0.0
458,20,7.0,1.0,1.0,0.0,1.0,1.0,0.0,42.0,0.0,0.0,4.0,8.0,0.0,1.0,0.0,0.0,0.0,0.0,0.0,0.0,0.0,0.0,0.0,25.0,25.0,0.0,0,0,1,0,0,0,0.0,0.0,0.0,0.0,0.0,0.0
459,22,7.0,0.0,3.0,0.0,0.0,1.0,0.0,40.0,1.0,0.0,5.0,0.0,1.0,1.0,0.0,0.0,0.0,0.0,0.0,0.0,0.0,0.0,0.0,2700.0,0.0,0.0,0,0,1,0,0,0,0.0,0.0,0.0,0.0,0.0,0.0
460,Tista,7.0,1.0,1.0,0.0,1.0,0.76585364,1.0,0.0,0.0,0.0,0.0,0.0,0.0,0.0,1.0,1.0,1.0,1.0,1.0,1.0,1.0,0.0,1.0,400.0,400.0,0.0,0,0,1,0,0,0,0.0,0.0,0.0,0.0,0.0,0.0
461,121,8.0,0.0,2.0,0.0,0.0,1.0,0.0,32.0,1.0,0.0,4.0,4.0,0.0,0.0,0.0,0.0,0.0,0.0,0.0,0.0,1.0,0.0,0.0,6800.0,800.0,0.0,0,0,1,0,0,0,0.0,0.0,0.0,0.0,0.0,0.0
462,57,8.0,0.0,2.0,0.0,0.0,1.0,0.0,34.0,0.0,0.0,5.0,0.0,1.0,1.0,0.0,0.0,0.0,0.0,0.0,0.0,0.0,1.0,0.0,0.0,0.0,0.0,0,1,0,0,0,0,0.0,0.0,0.0,0.0,0.0,0.0
463,90,8.0,0.0,2.0,0.0,0.0,1.0,0.0,28.0,1.0,0.0,4.0,4.0,1.0,1.0,0.0,0.0,0.0,0.0,0.0,0.0,0.0,1.0,0.0,175.0,175.0,0.0,0,0,1,0,0,0,0.0,0.0,0.0,0.0,0.0,0.0
464,21,8.0,0.0,2.0,0.0,1.0,1.0,0.0,35.0,0.0,0.0,2.0,0.0,0.0,0.0,0.0,0.0,0.0,0.0,0.0,0.0,0.0,0.0,0.0,1780.0,1300.0,0.0,0,0,1,0,0,0,0.0,0.0,0.0,0.0,0.0,0.0
465,178,8.0,0.0,2.0,0.0,0.0,0.0,0.0,26.0,1.0,0.0,3.0,10.0,1.0,1.0,0.0,0.0,0.0,0.0,0.0,0.0,0.0,0.0,0.0,1000.0,0.0,0.0,0,1,0,0,0,0,0.0,0.0,0.0,0.0,0.0,0.0
466,175,8.0,0.0,2.0,0.0,0.0,1.0,0.0,35.0,1.0,0.0,3.0,6.0,1.0,1.0,0.0,0.0,0.0,0.0,0.0,0.0,0.0,1.0,0.0,1050.0,0.0,0.0,0,1,0,0,0,0,0.0,0.0,0.0,0.0,0.0,0.0
467,201,8.0,0.0,2.0,1.0,1.0,1.0,0.0,19.0,1.0,0.0,4.0,9.0,1.0,1.0,0.0,0.0,0.0,0.0,0.0,0.0,0.0,0.0,0.0,6570.0,270.0,0.0,0,0,1,0,0,0,0.0,0.0,0.0,0.0,0.0,0.0
468,Rita,8.0,1.0,1.0,0.0,0.0,1.0,0.0,30.0,1.0,0.0,4.0,10.0,1.0,1.0,0.0,0.0,0.0,0.0,0.0,0.0,0.0,0.0,0.0,7200.0,7200.0,0.0,0,0,1,0,0,0,0.0,0.0,0.0,0.0,0.0,0.0
469,Lily,9.0,1.0,1.0,0.0,0.0,0.0,0.0,45.0,0.0,0.0,3.0,6.0,1.0,1.0,0.0,0.0,0.0,0.0,0.0,0.0,0.0,1.0,0.0,420.0,420.0,0.0,0,0,1,0,0,0,0.0,0.0,0.0,0.0,0.0,0.0
470,292,9.0,1.0,1.0,0.0,0.0,0.0,0.0,23.0,0.0,0.0,5.0,10.0,1.0,0.0,0.0,0.0,0.0,0.0,0.0,0.0,0.0,0.0,0.0,0.0,0.0,0.0,0,0,1,0,0,0,0.0,0.0,0.0,0.0,0.0,0.0
471,200/6,9.0,1.0,1.0,1.0,1.0,1.0,0.0,22.0,1.0,0.0,3.0,0.0,1.0,0.0,0.0,0.0,0.0,0.0,0.0,0.0,1.0,1.0,0.0,210.0,210.0,0.0,0,0,1,0,0,0,0.0,0.0,0.0,0.0,0.0,0.0
472,177,9.0,0.0,2.0,0.0,0.0,1.0,0.0,32.0,1.0,0.0,4.0,0.0,1.0,1.0,0.0,0.0,0.0,0.0,0.0,0.0,0.0,1.0,0.0,3000.0,0.0,0.0,0,0,1,0,0,0,0.0,0.0,0.0,0.0,0.0,0.0
473,173,9.0,0.0,2.0,0.0,0.0,0.0,0.0,32.0,1.0,0.0,4.0,9.0,1.0,1.0,0.0,0.0,0.0,0.0,0.0,0.0,0.0,1.0,0.0,2076.923,0.0,0.0,0,0,1,0,0,0,0.0,0.0,0.0,0.0,0.0,0.0
